dataset_id,dataset_alias,variant,variant_label,accuracy,macro_f1,auc,log_loss,brier,ece,training_seconds,inference_seconds
15,breast-w,conditional_only,DBNC-Conditional-Only,0.9580952380952381,0.9533710510587727,0.9900161030595813,0.11052200157378234,0.06541384059078041,0.04195173286777976,1.2169190416112543,0.0030086912214756013
15,breast-w,fixed_tan,DBNC-Fixed-TAN,0.96,0.9557365107426478,0.9876811594202899,0.15885201358756626,0.07646573246334631,0.0828737548892921,1.3079790365416557,0.0028740833979099987
15,breast-w,full,DBNC-Full,0.9561904761904761,0.9514402172404399,0.9896135265700483,0.11102424053678397,0.06392184761832267,0.04466871514565382,1.124759340006858,0.0030600044410675764
15,breast-w,loss_w_000,DBNC-loss-w-000,0.9580952380952381,0.9533710510587727,0.9900161030595813,0.11052200157378234,0.06541384059078041,0.04195173286777976,1.2749866825528442,0.00293292086571455
15,breast-w,loss_w_025,DBNC-loss-w-025,0.9485714285714286,0.9418751969253989,0.98743961352657,0.15230262819883528,0.08351368326233075,0.07266330966279647,1.0236160976346582,0.002958575077354908
15,breast-w,loss_w_050,DBNC-loss-w-050,0.9447619047619048,0.9376596948382543,0.9838164251207729,0.20535916925327444,0.10435007799838485,0.10606810753076286,0.8535967970266938,0.003077108971774578
15,breast-w,loss_w_075,DBNC-loss-w-075,0.9428571428571428,0.9354257254731462,0.9855072463768118,0.2211801325437804,0.11014202365875747,0.12218738420907767,0.8350882638245821,0.0028198696207255127
15,breast-w,loss_w_100,DBNC-loss-w-100,0.9466666666666667,0.9401231763698513,0.9876811594202899,0.2393915215976385,0.11668971483218946,0.1496622346590503,0.8329595306422561,0.002910433802753687
15,breast-w,mlp_cpd,DBNC-MLP-CPD,0.9561904761904761,0.9516070499367155,0.9888888888888889,0.15482706873616575,0.06823579638024675,0.04070047575770721,1.2961413602810352,0.004024743568152189
15,breast-w,no_regularization,DBNC-No-Regularization,0.9580952380952381,0.9535623550892078,0.9888888888888889,0.11858095945524912,0.0628935152360796,0.044561492925679125,1.0757517262361944,0.0037135121412575243
23,cmc,conditional_only,DBNC-Conditional-Only,0.5185520361990951,0.460340253762614,0.6992868235592984,0.9830675542399808,0.5925815712898005,0.0787473640618911,2.816352445771918,0.003245634213089943
23,cmc,fixed_tan,DBNC-Fixed-TAN,0.518552036199095,0.4815254102314205,0.6945864368119616,1.0035506208113356,0.604146527243669,0.10268048464971713,2.7805278887972236,0.0031712969299405812
23,cmc,full,DBNC-Full,0.5230769230769231,0.4681027502008853,0.6891437483765076,1.002584508345551,0.6042303876230051,0.10536825001312056,2.4280255888588727,0.0032407529652118683
23,cmc,loss_w_000,DBNC-loss-w-000,0.5185520361990951,0.460340253762614,0.6992868235592984,0.9830675542399808,0.5925815712898005,0.0787473640618911,2.764633406419307,0.003414571424946189
23,cmc,loss_w_025,DBNC-loss-w-025,0.5095022624434389,0.4402156262533957,0.6815115830818398,1.0120594161356986,0.6102450570664838,0.09149735506395794,2.3315438205376267,0.003303114604204893
23,cmc,loss_w_050,DBNC-loss-w-050,0.5085972850678733,0.44484542790261106,0.6880629029584521,1.0190524375301933,0.614349180912812,0.10530520560427022,2.194060782622546,0.0032889942638576032
23,cmc,loss_w_075,DBNC-loss-w-075,0.49502262443438916,0.4140618116463032,0.6886527774595587,1.028809364116078,0.6208110043944217,0.10104442339331043,2.1345306833740323,0.003515930427238345
23,cmc,loss_w_100,DBNC-loss-w-100,0.497737556561086,0.43912785221774725,0.6870308213774645,1.0242717921439115,0.6185449122006795,0.10020925602090558,2.494553016172722,0.0032973896246403455
23,cmc,mlp_cpd,DBNC-MLP-CPD,0.5095022624434389,0.47187883952454135,0.6965713847699839,0.9662067837161292,0.5821049841562378,0.08587228953074853,2.5841774753294886,0.00473563838750124
23,cmc,no_regularization,DBNC-No-Regularization,0.5230769230769231,0.4681027502008853,0.6891571151267163,1.0025866833259398,0.6042317045848267,0.10536799172168068,2.3449096636381,0.0032217068132013083
37,diabetes,conditional_only,DBNC-Conditional-Only,0.7189655172413794,0.68444567654574,0.7882276422764228,0.5899028797437976,0.39312168016488674,0.14256863668674763,1.5890226341318339,0.0026320964097976685
37,diabetes,fixed_tan,DBNC-Fixed-TAN,0.7448275862068966,0.7086800783043522,0.8052032520325204,0.5336828485996908,0.3570628207442989,0.10510591899492687,2.867618339136243,0.002757603395730257
37,diabetes,full,DBNC-Full,0.7224137931034483,0.6886676820103839,0.7891382113821138,0.5775665980841633,0.39110238407634207,0.1288361569031902,1.7154566031880676,0.002702560368925333
37,diabetes,loss_w_000,DBNC-loss-w-000,0.7189655172413794,0.68444567654574,0.7882276422764228,0.5899028797437976,0.39312168016488674,0.14256863668674763,1.5590035159606486,0.00278420839458704
37,diabetes,loss_w_025,DBNC-loss-w-025,0.7396551724137931,0.7067745442062807,0.7967479674796748,0.5736063431687151,0.39012049174994434,0.13591723097463387,1.3339802243281156,0.00271663973107934
37,diabetes,loss_w_050,DBNC-loss-w-050,0.7379310344827587,0.7160834800775226,0.8005203252032519,0.5915067571596813,0.40181536174834775,0.14225266032932452,1.3142618298064916,0.002602192386984825
37,diabetes,loss_w_075,DBNC-loss-w-075,0.753448275862069,0.7347725225492479,0.7960325203252032,0.6040986848863192,0.4087613142509744,0.16184741548731416,1.3628879812080412,0.002638113358989358
37,diabetes,loss_w_100,DBNC-loss-w-100,0.7310344827586206,0.7061732837146832,0.7934959349593496,0.6165263960588082,0.42520135667256476,0.17172393599331587,1.0857429564464838,0.002601046022027731
37,diabetes,mlp_cpd,DBNC-MLP-CPD,0.7293103448275862,0.7027318462509061,0.8160000000000001,0.5072531767813828,0.33856317494005167,0.09202700974654428,1.3699117009993642,0.003583880560472608
37,diabetes,no_regularization,DBNC-No-Regularization,0.7224137931034483,0.6886676820103839,0.7891382113821138,0.5775613148832848,0.39109538913832964,0.1288281853200009,1.7303858371917158,0.0025460080243647097
53,heart-statlog,conditional_only,DBNC-Conditional-Only,0.7609756097560976,0.7542565386485384,0.8483091787439614,0.5211346321002498,0.3318672736231855,0.18096385615692404,1.1316994232125581,0.0037691267672926186
53,heart-statlog,fixed_tan,DBNC-Fixed-TAN,0.7560975609756098,0.748981748164675,0.8391304347826087,0.4954911088191688,0.3258904454459223,0.14788290607829924,1.272490570973605,0.003193292021751404
53,heart-statlog,full,DBNC-Full,0.7609756097560976,0.7542565386485384,0.8483091787439614,0.5211346321002498,0.3318672736231855,0.18096385615692404,1.4326100912876427,0.0033577468246221544
53,heart-statlog,loss_w_000,DBNC-loss-w-000,0.7609756097560976,0.7542565386485384,0.8483091787439614,0.5211346321002498,0.3318672736231855,0.18096385615692404,1.1379112946800887,0.003320498811081052
53,heart-statlog,loss_w_025,DBNC-loss-w-025,0.7951219512195122,0.7921730452564588,0.8521739130434783,0.4385458930673224,0.28512437770044163,0.11513140649695004,1.0566713938023895,0.003267966164276004
53,heart-statlog,loss_w_050,DBNC-loss-w-050,0.7951219512195122,0.7904675133628588,0.8497584541062801,0.449440729812137,0.2892298787237639,0.10983291128722839,1.103023318713531,0.0034786509815603493
53,heart-statlog,loss_w_075,DBNC-loss-w-075,0.775609756097561,0.7700001780659675,0.841062801932367,0.4645733282702185,0.3032510605146714,0.11260623192963101,1.064452071581036,0.0034789126366376877
53,heart-statlog,loss_w_100,DBNC-loss-w-100,0.751219512195122,0.74752397104386,0.8439613526570048,0.46851290739439444,0.3050902612677106,0.1286989816327436,1.275493165012449,0.004142260644584894
53,heart-statlog,mlp_cpd,DBNC-MLP-CPD,0.7658536585365854,0.7619862683718519,0.8512077294685991,0.5870164421251792,0.35420067232014246,0.17028017143615568,1.5172443202231078,0.005276277009397745
53,heart-statlog,no_regularization,DBNC-No-Regularization,0.7609756097560976,0.7542565386485384,0.8497584541062801,0.5205602629379905,0.33168936095303636,0.18091051243052417,1.1528527665883304,0.0033427901100367306
56,vote,conditional_only,DBNC-Conditional-Only,0.9515151515151515,0.948766416510319,0.9913461538461539,0.154120637674679,0.06953496265093115,0.04459824385840078,1.7250319253653288,0.003406810853630304
56,vote,fixed_tan,DBNC-Fixed-TAN,0.9212121212121211,0.9167472185055037,0.9834615384615384,0.17973554100361158,0.10803079362925509,0.05757790034943213,2.0098398711532353,0.003777714353054762
56,vote,full,DBNC-Full,0.9515151515151515,0.948766416510319,0.9913461538461539,0.154120637674679,0.06953496265093115,0.04459824385840078,1.727251885412261,0.003995378827676177
56,vote,loss_w_000,DBNC-loss-w-000,0.9515151515151515,0.948766416510319,0.9913461538461539,0.154120637674679,0.06953496265093115,0.04459824385840078,1.7048968024086206,0.0034992375876754522
56,vote,loss_w_025,DBNC-loss-w-025,0.9121212121212121,0.9077587844254511,0.9665384615384616,0.27947390437291825,0.13497820529612217,0.0711720134536074,1.4384147122036666,0.0036682798061519863
56,vote,loss_w_050,DBNC-loss-w-050,0.9090909090909092,0.9043142936557571,0.9684615384615384,0.2752764236712454,0.13653194057598905,0.07947838460534995,1.395583412051201,0.004530604556202888
56,vote,loss_w_075,DBNC-loss-w-075,0.903030303030303,0.8977783732458772,0.9623076923076923,0.31772585701479555,0.1486026316072603,0.07336212472911201,1.5709915358573199,0.003529485035687685
56,vote,loss_w_100,DBNC-loss-w-100,0.9,0.8953271092338408,0.9598076923076924,0.32339008381262313,0.14883533890656583,0.08666571032025802,1.5353197673801333,0.0035046595614403485
56,vote,mlp_cpd,DBNC-MLP-CPD,0.9484848484848485,0.9454277528824371,0.9882692307692308,0.19522425064811505,0.07930691000867232,0.04713462996907777,1.7664495366159827,0.006051752017810941
56,vote,no_regularization,DBNC-No-Regularization,0.9515151515151515,0.948766416510319,0.9913461538461539,0.15416979159214125,0.06954409022877248,0.04460510089944543,1.7769748660270124,0.003499218402430415
