dataset_id,dataset_alias,variant,variant_label,delta_accuracy,delta_macro_f1,delta_auc,delta_log_loss,delta_brier,delta_ece,delta_training_seconds,delta_inference_seconds
15,breast-w,conditional_only,DBNC-Conditional-Only,0.0019047619047619646,0.001930833818332811,0.00040257648953301306,-0.0005022389630016388,0.0014919929724577369,-0.002716982277874057,0.09215970160439624,-5.1313219591975125e-05
15,breast-w,fixed_tan,DBNC-Fixed-TAN,0.003809523809523818,0.0042962935022078375,-0.0019323671497584183,0.047827773050782285,0.01254388484502364,0.038205039743638286,0.18321969653479764,-0.0001859210431575777
15,breast-w,full,DBNC-Full,0.0,0.0,0.0,0.0,0.0,0.0,0.0,0.0
15,breast-w,loss_w_000,DBNC-loss-w-000,0.0019047619047619646,0.001930833818332811,0.00040257648953301306,-0.0005022389630016388,0.0014919929724577369,-0.002716982277874057,0.15022734254598613,-0.00012708357535302656
15,breast-w,loss_w_025,DBNC-loss-w-025,-0.007619047619047525,-0.009565020315041028,-0.0021739130434783593,0.0412783876620513,0.01959183564400807,0.027994594517142646,-0.10114324237219985,-0.00010142936371266859
15,breast-w,loss_w_050,DBNC-loss-w-050,-0.011428571428571344,-0.013780522402185635,-0.005797101449275366,0.09433492871649046,0.04042823038006217,0.06139939238510904,-0.2711625429801643,1.7104530707001773e-05
15,breast-w,loss_w_075,DBNC-loss-w-075,-0.013333333333333308,-0.016014491767293748,-0.004106280193236556,0.11015589200699644,0.046220176040434796,0.07751866906342385,-0.28967107618227594,-0.00024013482034206373
15,breast-w,loss_w_100,DBNC-loss-w-100,-0.00952380952380949,-0.011317040870588602,-0.0019323671497584183,0.12836728106085452,0.05276786721386678,0.10499351951339647,-0.2917998093646019,-0.0001495706383138895
15,breast-w,mlp_cpd,DBNC-MLP-CPD,0.0,0.00016683269627559838,-0.0007246376811593791,0.04380282819938178,0.004313948761924077,-0.003968239387946611,0.17138202027417715,0.0009647391270846128
15,breast-w,no_regularization,DBNC-No-Regularization,0.0019047619047619646,0.0021221378487679132,-0.0007246376811593791,0.007556718918465141,-0.0010283323822430773,-0.00010722221997469528,-0.04900761377066365,0.0006535077001899479
23,cmc,conditional_only,DBNC-Conditional-Only,-0.004524886877828038,-0.007762496438271316,0.010143075182790784,-0.019516954105570083,-0.011648816333204581,-0.026620885951229453,0.38832685691304514,4.8812478780748195e-06
23,cmc,fixed_tan,DBNC-Fixed-TAN,-0.004524886877828149,0.01342266003053516,0.005442688435454035,0.0009661124657847076,-8.386037933605373e-05,-0.002687765363403427,0.3525022999383509,-6.945603527128705e-05
23,cmc,full,DBNC-Full,0.0,0.0,0.0,0.0,0.0,0.0,0.0,0.0
23,cmc,loss_w_000,DBNC-loss-w-000,-0.004524886877828038,-0.007762496438271316,0.010143075182790784,-0.019516954105570083,-0.011648816333204581,-0.026620885951229453,0.33660781756043434,0.00017381845973432055
23,cmc,loss_w_025,DBNC-loss-w-025,-0.013574660633484226,-0.0278871239474896,-0.007632165294667814,0.009474907790147702,0.006014669443478726,-0.013870894949162618,-0.096481768321246,6.236163899302465e-05
23,cmc,loss_w_050,DBNC-loss-w-050,-0.014479638009049833,-0.023257322298274263,-0.0010808454180555316,0.01646792918464235,0.010118793289806916,-6.304440885034068e-05,-0.23396480623632687,4.824129864573496e-05
23,cmc,loss_w_075,DBNC-loss-w-075,-0.028054298642533948,-0.05404093855458214,-0.0004909709169489407,0.026224855770527133,0.016580616771416645,-0.004323826619810123,-0.29349490548484036,0.0002751774620264767
23,cmc,loss_w_100,DBNC-loss-w-100,-0.025339366515837125,-0.02897489798313807,-0.0021129269990430855,0.0216872837983606,0.014314524577674459,-0.0051589939922149775,0.06652742731384942,5.66366594284772e-05
23,cmc,mlp_cpd,DBNC-MLP-CPD,-0.013574660633484226,0.003776089323656029,0.007427636393476322,-0.03637772462942168,-0.02212540346676728,-0.019495960482372024,0.15615188647061595,0.0014948854222893715
23,cmc,no_regularization,DBNC-No-Regularization,0.0,0.0,1.3366750208687606e-05,2.1749803889026254e-06,1.3169618215957968e-06,-2.582914398752134e-07,-0.08311592522077271,-1.904615201055995e-05
37,diabetes,conditional_only,DBNC-Conditional-Only,-0.0034482758620689724,-0.004222005464643908,-0.0009105691056909837,0.012336281659634296,0.0020192960885446753,0.013732479783557433,-0.12643396905623372,-7.046395912766465e-05
37,diabetes,fixed_tan,DBNC-Fixed-TAN,0.022413793103448265,0.020012396293968338,0.016065040650406592,-0.04388374948447249,-0.034039563332043166,-0.023730237908263327,1.1521617359481753,5.504302680492401e-05
37,diabetes,full,DBNC-Full,0.0,0.0,0.0,0.0,0.0,0.0,0.0,0.0
37,diabetes,loss_w_000,DBNC-loss-w-000,-0.0034482758620689724,-0.004222005464643908,-0.0009105691056909837,0.012336281659634296,0.0020192960885446753,0.013732479783557433,-0.15645308722741902,8.164802566170684e-05
37,diabetes,loss_w_025,DBNC-loss-w-025,0.01724137931034475,0.018106862195896856,0.007609756097560982,-0.003960254915448269,-0.0009818923263977264,0.007081074071443677,-0.381476378859952,1.4079362154007045e-05
37,diabetes,loss_w_050,DBNC-loss-w-050,0.01551724137931032,0.027415798067138786,0.011382113821138073,0.013940159075517933,0.010712977672005686,0.013416503426134319,-0.40119477338157594,-0.00010036798194050815
37,diabetes,loss_w_075,DBNC-loss-w-075,0.03103448275862064,0.04610484053886399,0.0068943089430894,0.026532086802155908,0.017658930174632326,0.03301125858412396,-0.35256862198002636,-6.444700993597525e-05
37,diabetes,loss_w_100,DBNC-loss-w-100,0.008620689655172264,0.01750560170429938,0.004357723577235739,0.03895979797464488,0.03409897259622269,0.04288777909012567,-0.6297136467415838,-0.00010151434689760225
37,diabetes,mlp_cpd,DBNC-MLP-CPD,0.006896551724137834,0.014064164240522259,0.02686178861788624,-0.07031342130278051,-0.0525392091362904,-0.03680914715664592,-0.3455449021887034,0.0008813201915472747
37,diabetes,no_regularization,DBNC-No-Regularization,0.0,0.0,0.0,-5.283200878558603e-06,-6.994938012427898e-06,-7.971583189297915e-06,0.014929234003648206,-0.00015655234456062343
53,heart-statlog,conditional_only,DBNC-Conditional-Only,0.0,0.0,0.0,0.0,0.0,0.0,-0.3009106680750846,0.00041137994267046417
53,heart-statlog,fixed_tan,DBNC-Fixed-TAN,-0.004878048780487809,-0.0052747904838633675,-0.009178743961352653,-0.025643523281080993,-0.005976828177263194,-0.0330809500786248,-0.16011952031403776,-0.00016445480287075043
53,heart-statlog,full,DBNC-Full,0.0,0.0,0.0,0.0,0.0,0.0,0.0,0.0
53,heart-statlog,loss_w_000,DBNC-loss-w-000,0.0,0.0,0.0,0.0,0.0,0.0,-0.29469879660755405,-3.724801354110241e-05
53,heart-statlog,loss_w_025,DBNC-loss-w-025,0.034146341463414664,0.03791650660792045,0.0038647342995169476,-0.0825887390329274,-0.04674289592274389,-0.065832449659974,-0.3759386974852532,-8.97806603461504e-05
53,heart-statlog,loss_w_050,DBNC-loss-w-050,0.034146341463414664,0.03621097471432044,0.0014492753623187582,-0.07169390228811279,-0.04263739489942164,-0.07113094486969565,-0.32958677257411173,0.00012090415693819488
53,heart-statlog,loss_w_075,DBNC-loss-w-075,0.014634146341463428,0.01574363941742918,-0.007246376811594346,-0.05656130383003127,-0.028616213108514144,-0.06835762422729302,-0.3681580197066068,0.00012116581201553327
53,heart-statlog,loss_w_100,DBNC-loss-w-100,-0.009756097560975618,-0.00673256760467833,-0.004347826086956608,-0.052621724705855355,-0.026777012355474916,-0.05226487452418044,-0.1571169262751937,0.0007845138199627398
53,heart-statlog,mlp_cpd,DBNC-MLP-CPD,0.004878048780487809,0.007729729723313539,0.0028985507246377384,0.06588181002492943,0.02233339869695694,-0.01068368472076836,0.08463422893546513,0.0019185301847755905
53,heart-statlog,no_regularization,DBNC-No-Regularization,0.0,0.0,0.0014492753623187582,-0.0005743691622592806,-0.00017791267014916068,-5.3343726399868174e-05,-0.27975732469931236,-1.4956714585423816e-05
56,vote,conditional_only,DBNC-Conditional-Only,0.0,0.0,0.0,0.0,0.0,0.0,-0.0022199600469321457,-0.0005885679740458725
56,vote,fixed_tan,DBNC-Fixed-TAN,-0.030303030303030387,-0.03201919800481534,-0.00788461538461549,0.02561490332893257,0.038495830978323944,0.012979656491031354,0.2825879857409743,-0.00021766447462141488
56,vote,full,DBNC-Full,0.0,0.0,0.0,0.0,0.0,0.0,0.0,0.0
56,vote,loss_w_000,DBNC-loss-w-000,0.0,0.0,0.0,0.0,0.0,0.0,-0.022355083003640308,-0.0004961412400007244
56,vote,loss_w_025,DBNC-loss-w-025,-0.039393939393939426,-0.04100763208486791,-0.02480769230769231,0.12535326669823924,0.06544324264519102,0.026573769595206617,-0.28883717320859437,-0.0003270990215241904
56,vote,loss_w_050,DBNC-loss-w-050,-0.042424242424242364,-0.044452122854561904,-0.022884615384615503,0.12115578599656637,0.0669969779250579,0.03488014074694917,-0.33166847336106,0.0005352257285267115
56,vote,loss_w_075,DBNC-loss-w-075,-0.048484848484848575,-0.05098804326444184,-0.02903846153846157,0.16360521934011654,0.07906766895632916,0.02876388087071123,-0.15626034955494106,-0.0004658937919884915
56,vote,loss_w_100,DBNC-loss-w-100,-0.051515151515151514,-0.053439307276478165,-0.031538461538461515,0.16926944613794412,0.07930037625563469,0.042067466461857245,-0.19193211803212762,-0.0004907192662358282
56,vote,mlp_cpd,DBNC-MLP-CPD,-0.00303030303030305,-0.0033386636278819326,-0.003076923076923088,0.04110361297343604,0.009771947357741173,0.00253638611067699,0.03919765120372176,0.002056373190134764
56,vote,no_regularization,DBNC-No-Regularization,0.0,0.0,0.0,4.915391746224129e-05,9.127577841328005e-06,6.85704104465279e-06,0.049722980614751444,-0.0004961604252457616
