dataset_id,dataset_alias,seed,variant,variant_label,acyclic,edge_mass,incoming_edge_mass,parent_limit_violation_rate,threshold,thresholded_edge_density
56,vote,3,fixed_tan,DBNC-Fixed-TAN,True,15.0,"[1.0, 1.0, 1.0, 0.0, 1.0, 1.0, 1.0, 1.0, 1.0, 1.0, 1.0, 1.0, 1.0, 1.0, 1.0, 1.0]",0.0,0.05,0.0625
56,vote,4,fixed_tan,DBNC-Fixed-TAN,True,15.0,"[1.0, 1.0, 1.0, 0.0, 1.0, 1.0, 1.0, 1.0, 1.0, 1.0, 1.0, 1.0, 1.0, 1.0, 1.0, 1.0]",0.0,0.05,0.0625
56,vote,1,fixed_tan,DBNC-Fixed-TAN,True,15.0,"[1.0, 1.0, 1.0, 0.0, 1.0, 1.0, 1.0, 1.0, 1.0, 1.0, 1.0, 1.0, 1.0, 1.0, 1.0, 1.0]",0.0,0.05,0.0625
56,vote,2,fixed_tan,DBNC-Fixed-TAN,True,15.0,"[1.0, 1.0, 1.0, 0.0, 1.0, 1.0, 1.0, 1.0, 1.0, 1.0, 1.0, 1.0, 1.0, 1.0, 1.0, 1.0]",0.0,0.05,0.0625
56,vote,0,fixed_tan,DBNC-Fixed-TAN,True,15.0,"[1.0, 1.0, 1.0, 0.0, 1.0, 1.0, 1.0, 1.0, 1.0, 1.0, 1.0, 1.0, 1.0, 1.0, 1.0, 1.0]",0.0,0.05,0.0625
15,breast-w,3,fixed_tan,DBNC-Fixed-TAN,True,8.0,"[1.0, 0.0, 1.0, 1.0, 1.0, 1.0, 1.0, 1.0, 1.0]",0.0,0.05,0.1111111111111111
15,breast-w,4,fixed_tan,DBNC-Fixed-TAN,True,8.0,"[1.0, 1.0, 0.0, 1.0, 1.0, 1.0, 1.0, 1.0, 1.0]",0.0,0.05,0.1111111111111111
15,breast-w,1,fixed_tan,DBNC-Fixed-TAN,True,8.0,"[1.0, 0.0, 1.0, 1.0, 1.0, 1.0, 1.0, 1.0, 1.0]",0.0,0.05,0.1111111111111111
15,breast-w,2,fixed_tan,DBNC-Fixed-TAN,True,8.0,"[1.0, 1.0, 0.0, 1.0, 1.0, 1.0, 1.0, 1.0, 1.0]",0.0,0.05,0.1111111111111111
15,breast-w,0,fixed_tan,DBNC-Fixed-TAN,True,8.0,"[1.0, 0.0, 1.0, 1.0, 1.0, 1.0, 1.0, 1.0, 1.0]",0.0,0.05,0.1111111111111111
23,cmc,3,fixed_tan,DBNC-Fixed-TAN,True,8.0,"[1.0, 1.0, 1.0, 0.0, 1.0, 1.0, 1.0, 1.0, 1.0]",0.0,0.05,0.1111111111111111
23,cmc,4,fixed_tan,DBNC-Fixed-TAN,True,8.0,"[1.0, 1.0, 1.0, 0.0, 1.0, 1.0, 1.0, 1.0, 1.0]",0.0,0.05,0.1111111111111111
23,cmc,1,fixed_tan,DBNC-Fixed-TAN,True,8.0,"[1.0, 1.0, 1.0, 0.0, 1.0, 1.0, 1.0, 1.0, 1.0]",0.0,0.05,0.1111111111111111
23,cmc,2,fixed_tan,DBNC-Fixed-TAN,True,8.0,"[1.0, 1.0, 1.0, 0.0, 1.0, 1.0, 1.0, 1.0, 1.0]",0.0,0.05,0.1111111111111111
23,cmc,0,fixed_tan,DBNC-Fixed-TAN,True,8.0,"[1.0, 1.0, 1.0, 0.0, 1.0, 1.0, 1.0, 1.0, 1.0]",0.0,0.05,0.1111111111111111
37,diabetes,3,fixed_tan,DBNC-Fixed-TAN,True,7.0,"[1.0, 0.0, 1.0, 1.0, 1.0, 1.0, 1.0, 1.0]",0.0,0.05,0.125
37,diabetes,4,fixed_tan,DBNC-Fixed-TAN,True,7.0,"[1.0, 0.0, 1.0, 1.0, 1.0, 1.0, 1.0, 1.0]",0.0,0.05,0.125
37,diabetes,1,fixed_tan,DBNC-Fixed-TAN,True,7.0,"[1.0, 0.0, 1.0, 1.0, 1.0, 1.0, 1.0, 1.0]",0.0,0.05,0.125
37,diabetes,2,fixed_tan,DBNC-Fixed-TAN,True,7.0,"[1.0, 0.0, 1.0, 1.0, 1.0, 1.0, 1.0, 1.0]",0.0,0.05,0.125
37,diabetes,0,fixed_tan,DBNC-Fixed-TAN,True,7.0,"[1.0, 0.0, 1.0, 1.0, 1.0, 1.0, 1.0, 1.0]",0.0,0.05,0.125
53,heart-statlog,3,fixed_tan,DBNC-Fixed-TAN,True,12.0,"[1.0, 1.0, 1.0, 1.0, 1.0, 1.0, 1.0, 1.0, 1.0, 1.0, 1.0, 0.0, 1.0]",0.0,0.05,0.07692307692307693
53,heart-statlog,4,fixed_tan,DBNC-Fixed-TAN,True,12.0,"[1.0, 1.0, 1.0, 1.0, 1.0, 1.0, 1.0, 1.0, 1.0, 1.0, 1.0, 1.0, 0.0]",0.0,0.05,0.07692307692307693
53,heart-statlog,1,fixed_tan,DBNC-Fixed-TAN,True,12.0,"[1.0, 1.0, 1.0, 1.0, 1.0, 1.0, 1.0, 1.0, 1.0, 1.0, 1.0, 0.0, 1.0]",0.0,0.05,0.07692307692307693
53,heart-statlog,2,fixed_tan,DBNC-Fixed-TAN,True,12.0,"[1.0, 1.0, 1.0, 1.0, 1.0, 1.0, 1.0, 1.0, 1.0, 1.0, 1.0, 0.0, 1.0]",0.0,0.05,0.07692307692307693
53,heart-statlog,0,fixed_tan,DBNC-Fixed-TAN,True,12.0,"[1.0, 1.0, 1.0, 1.0, 1.0, 1.0, 1.0, 1.0, 1.0, 0.0, 1.0, 1.0, 1.0]",0.0,0.05,0.07692307692307693
56,vote,3,mlp_cpd,DBNC-MLP-CPD,True,14.379182815551758,"[0.2445295751094818, 0.06972005218267441, 1.0051496028900146, 0.22507315874099731, 1.030329704284668, 1.1198347806930542, 0.4563520550727844, 2.010618209838867, 1.0582618713378906, 1.8173247575759888, 0.0, 0.5913031101226807, 0.9596157073974609, 0.8923419117927551, 1.25654137134552, 1.6421868801116943]",0.1875,0.05,0.4166666666666667
56,vote,4,mlp_cpd,DBNC-MLP-CPD,True,14.197420120239258,"[0.44898858666419983, 2.031717300415039, 0.6822268962860107, 1.2206742763519287, 2.294745445251465, 0.49376195669174194, 0.161599799990654, 1.429544448852539, 0.29724574089050293, 0.6197771430015564, 1.0296869277954102, 0.7071623802185059, 1.1090470552444458, 1.5685126781463623, 0.0, 0.10272874683141708]",0.4375,0.05,0.45416666666666666
56,vote,1,mlp_cpd,DBNC-MLP-CPD,True,14.717754364013672,"[0.8019514083862305, 2.8819973468780518, 0.7706963419914246, 2.293015480041504, 1.3720309734344482, 0.3319317698478699, 1.8705193996429443, 0.8040482997894287, 0.8221632838249207, 1.8029446601867676, 0.011287432163953781, 0.0024434933438897133, 0.2578498423099518, 0.0, 0.5670723915100098, 0.12780138850212097]",0.3125,0.05,0.4375
56,vote,2,mlp_cpd,DBNC-MLP-CPD,True,14.506725311279297,"[0.40495064854621887, 0.23914383351802826, 0.0, 1.3431097269058228, 1.8278042078018188, 0.516922652721405, 0.7424795627593994, 1.0529066324234009, 0.06485222280025482, 1.2006494998931885, 0.8297799825668335, 0.2009579837322235, 0.36062267422676086, 2.3694417476654053, 1.018251895904541, 2.3348519802093506]",0.4375,0.05,0.45416666666666666
56,vote,0,mlp_cpd,DBNC-MLP-CPD,True,12.593622207641602,"[1.231354832649231, 1.7358378171920776, 1.2574418783187866, 0.5199570655822754, 0.4618723690509796, 0.15383285284042358, 0.0, 0.30070018768310547, 0.13638249039649963, 1.2801971435546875, 0.3049914836883545, 0.6346598267555237, 0.7322558760643005, 2.8102803230285645, 1.0092538595199585, 0.02460344508290291]",0.375,0.05,0.4125
15,breast-w,3,mlp_cpd,DBNC-MLP-CPD,True,2.6757404804229736,"[0.0, 0.6592749953269958, 0.2019408941268921, 0.43407246470451355, 0.06619582325220108, 0.001335194450803101, 0.5561671257019043, 0.48821473121643066, 0.268539160490036]",0.0,0.05,0.3333333333333333
15,breast-w,4,mlp_cpd,DBNC-MLP-CPD,True,1.079848289489746,"[0.33182987570762634, 0.11002639681100845, 0.05814574658870697, 0.10312484949827194, 0.22672580182552338, 0.17114359140396118, 0.05570568889379501, 0.023146240040659904, 0.0]",0.0,0.05,0.08333333333333333
15,breast-w,1,mlp_cpd,DBNC-MLP-CPD,True,1.1889578104019165,"[0.05507546663284302, 0.22552654147148132, 0.01117362454533577, 0.1626044511795044, 0.2405441254377365, 0.03997981548309326, 0.29032474756240845, 0.0, 0.16372908651828766]",0.0,0.05,0.09722222222222222
15,breast-w,2,mlp_cpd,DBNC-MLP-CPD,True,1.6358697414398193,"[0.2458494007587433, 0.12356465309858322, 0.19739660620689392, 0.0, 0.1988217979669571, 0.20586371421813965, 0.37962067127227783, 0.029620347544550896, 0.25513261556625366]",0.0,0.05,0.19444444444444445
15,breast-w,0,mlp_cpd,DBNC-MLP-CPD,True,1.166420340538025,"[0.1909179538488388, 0.119473896920681, 0.02418254129588604, 0.3790765404701233, 0.014438631944358349, 0.18714690208435059, 0.08054409921169281, 0.0, 0.1706397384405136]",0.0,0.05,0.08333333333333333
23,cmc,3,mlp_cpd,DBNC-MLP-CPD,True,2.6987977027893066,"[0.09054362773895264, 0.30323970317840576, 0.030310628935694695, 0.3283143937587738, 0.4450169503688812, 0.0, 0.3490375876426697, 0.8790903687477112, 0.27324438095092773]",0.0,0.05,0.3333333333333333
23,cmc,4,mlp_cpd,DBNC-MLP-CPD,True,3.3244497776031494,"[0.3436143696308136, 0.0, 0.6710925698280334, 0.15202248096466064, 0.5999191999435425, 0.4824201166629791, 0.4781673550605774, 0.5684753656387329, 0.02873842604458332]",0.0,0.05,0.3194444444444444
23,cmc,1,mlp_cpd,DBNC-MLP-CPD,True,2.5837388038635254,"[0.0, 0.04010948911309242, 0.28459474444389343, 0.17133839428424835, 0.48663514852523804, 0.44008374214172363, 0.6018559336662292, 0.0814400464296341, 0.477681040763855]",0.0,0.05,0.3194444444444444
23,cmc,2,mlp_cpd,DBNC-MLP-CPD,True,3.512110948562622,"[0.6681239008903503, 0.0, 1.0161101818084717, 0.0022054037544876337, 0.12339970469474792, 0.8378810882568359, 0.0230194590985775, 0.6266393661499023, 0.21473199129104614]",0.0,0.05,0.3472222222222222
23,cmc,0,mlp_cpd,DBNC-MLP-CPD,True,3.078339099884033,"[0.3080815076828003, 0.5196696519851685, 0.0, 0.3106638789176941, 0.9512915015220642, 0.07533713430166245, 0.44591566920280457, 0.3024691045284271, 0.16491049528121948]",0.0,0.05,0.3611111111111111
37,diabetes,3,mlp_cpd,DBNC-MLP-CPD,True,4.998085021972656,"[0.29985329508781433, 0.38575974106788635, 0.21816328167915344, 1.2088993787765503, 0.9986879825592041, 0.0, 1.402928352355957, 0.4837927520275116]",0.25,0.05,0.44642857142857145
37,diabetes,4,mlp_cpd,DBNC-MLP-CPD,True,4.812858581542969,"[0.0156572088599205, 1.0925965309143066, 0.4968465566635132, 0.4547240436077118, 0.5839521884918213, 1.8478114604949951, 0.3212704062461853, 0.0]",0.25,0.05,0.42857142857142855
37,diabetes,1,mlp_cpd,DBNC-MLP-CPD,True,5.3493242263793945,"[0.21691109240055084, 0.8301591873168945, 0.6770689487457275, 1.048970103263855, 0.0, 1.726739525794983, 0.18714681267738342, 0.6623286604881287]",0.25,0.05,0.4642857142857143
37,diabetes,2,mlp_cpd,DBNC-MLP-CPD,True,4.575265407562256,"[0.0, 0.01336624100804329, 0.6457586288452148, 0.8407464027404785, 0.9162706136703491, 0.4454157054424286, 0.11116400361061096, 1.6025439500808716]",0.125,0.05,0.44642857142857145
37,diabetes,0,mlp_cpd,DBNC-MLP-CPD,True,4.150881290435791,"[0.7829316258430481, 0.0280153825879097, 0.7924396991729736, 1.0946286916732788, 1.0807228088378906, 0.34091898798942566, 0.03122403472661972, 0.0]",0.25,0.05,0.4107142857142857
53,heart-statlog,3,mlp_cpd,DBNC-MLP-CPD,True,10.180129051208496,"[1.324827790260315, 1.5757415294647217, 0.42162367701530457, 0.7660659551620483, 0.31186309456825256, 0.9630427360534668, 1.4606425762176514, 0.0765567496418953, 0.0, 1.2662384510040283, 1.7980225086212158, 0.024137001484632492, 0.19136694073677063]",0.23076923076923078,0.05,0.4551282051282051
53,heart-statlog,4,mlp_cpd,DBNC-MLP-CPD,True,8.584039688110352,"[0.9423204064369202, 1.3649660348892212, 1.3470462560653687, 0.1065463200211525, 1.0049880743026733, 0.30191680788993835, 1.2151376008987427, 0.5198169946670532, 0.5687158107757568, 0.24587644636631012, 0.9307453632354736, 0.03596337139606476, 0.0]",0.23076923076923078,0.05,0.42948717948717946
53,heart-statlog,1,mlp_cpd,DBNC-MLP-CPD,True,9.420404434204102,"[0.7770150303840637, 0.9292868971824646, 0.7654948234558105, 0.3047705590724945, 0.03205833211541176, 0.5616514682769775, 0.15217499434947968, 0.6000029444694519, 0.0, 0.9945489168167114, 1.5100409984588623, 1.6514755487442017, 1.1418845653533936]",0.15384615384615385,0.05,0.4358974358974359
53,heart-statlog,2,mlp_cpd,DBNC-MLP-CPD,True,7.458687782287598,"[0.23991093039512634, 0.39619866013526917, 0.22885465621948242, 0.03240065649151802, 0.7759170532226562, 0.4649732708930969, 0.16966354846954346, 0.7230639457702637, 1.336900234222412, 0.0, 0.8774105906486511, 0.2598121762275696, 1.9535815715789795]",0.15384615384615385,0.05,0.391025641025641
53,heart-statlog,0,mlp_cpd,DBNC-MLP-CPD,True,9.96898078918457,"[1.5210152864456177, 0.4433000683784485, 0.8978881239891052, 0.18769244849681854, 0.9979596734046936, 0.944410502910614, 1.1144027709960938, 1.8686599731445312, 0.28953075408935547, 0.15709087252616882, 0.0, 0.5434544682502747, 1.0035761594772339]",0.23076923076923078,0.05,0.44871794871794873
56,vote,3,loss_w_100,DBNC-loss-w-100,True,18.067367553710938,"[2.96364426612854, 0.7335802912712097, 0.8463190197944641, 2.3843634128570557, 0.31382399797439575, 0.0, 0.3131491541862488, 2.55830717086792, 0.09543271362781525, 1.2701146602630615, 1.2006021738052368, 2.0471737384796143, 0.7175038456916809, 0.26344674825668335, 0.26668474078178406, 2.0932209491729736]",0.4375,0.05,0.44583333333333336
56,vote,4,loss_w_100,DBNC-loss-w-100,True,15.720955848693848,"[2.436037302017212, 1.359304428100586, 0.25697246193885803, 0.9639107584953308, 0.3057764172554016, 1.5085958242416382, 0.10778185725212097, 0.970493733882904, 1.5338232517242432, 1.0582417249679565, 1.8497849702835083, 0.9226082563400269, 0.23570197820663452, 0.9802343845367432, 1.2316888570785522, 0.0]",0.3125,0.05,0.4041666666666667
56,vote,1,loss_w_100,DBNC-loss-w-100,True,14.27350902557373,"[2.242731809616089, 0.08430767059326172, 1.979288101196289, 0.0, 0.8526307344436646, 0.9069330096244812, 0.6981663107872009, 0.9241833090782166, 0.20392024517059326, 0.9748070240020752, 0.7654654383659363, 0.8706982135772705, 1.4849750995635986, 1.488383173942566, 0.727684497833252, 0.06933458894491196]",0.25,0.05,0.3958333333333333
56,vote,2,loss_w_100,DBNC-loss-w-100,True,17.265106201171875,"[1.6988383531570435, 1.941748857498169, 0.0, 0.33172792196273804, 0.36130189895629883, 0.17803071439266205, 0.34312868118286133, 2.9219632148742676, 2.736818790435791, 1.0419278144836426, 1.093357801437378, 0.4533255100250244, 1.1370654106140137, 0.23886314034461975, 0.5284465551376343, 2.258561372756958]",0.3125,0.05,0.44583333333333336
56,vote,0,loss_w_100,DBNC-loss-w-100,True,17.608516693115234,"[0.9722577333450317, 0.0, 2.327033042907715, 1.337127685546875, 2.5204989910125732, 0.1180388331413269, 3.1858503818511963, 0.4251272678375244, 1.5122647285461426, 0.17259371280670166, 0.9198318719863892, 0.715121865272522, 1.2441151142120361, 0.5247958898544312, 1.5152689218521118, 0.11858827620744705]",0.4375,0.05,0.45
15,breast-w,3,loss_w_100,DBNC-loss-w-100,True,1.1460270881652832,"[0.04531462863087654, 0.09759873151779175, 0.06053557246923447, 0.0687064602971077, 0.0, 0.19913478195667267, 0.48632267117500305, 0.06531010568141937, 0.12310407310724258]",0.0,0.05,0.16666666666666666
15,breast-w,4,loss_w_100,DBNC-loss-w-100,True,1.3155925273895264,"[0.07159813493490219, 0.09639577567577362, 0.25994357466697693, 0.1450556218624115, 0.41850122809410095, 0.09426240622997284, 0.05185922235250473, 0.1779766082763672, 0.0]",0.0,0.05,0.1527777777777778
15,breast-w,1,loss_w_100,DBNC-loss-w-100,True,1.4736361503601074,"[0.42946040630340576, 0.0, 0.12913811206817627, 0.020644916221499443, 0.3966118395328522, 0.14333514869213104, 0.1165754646062851, 0.11203320324420929, 0.12583717703819275]",0.0,0.05,0.18055555555555555
15,breast-w,2,loss_w_100,DBNC-loss-w-100,True,1.1555428504943848,"[0.08764661848545074, 0.05278835818171501, 0.12638941407203674, 0.12715458869934082, 0.3360856771469116, 0.06236319616436958, 0.16149650514125824, 0.20161844789981842, 0.0]",0.0,0.05,0.1388888888888889
15,breast-w,0,loss_w_100,DBNC-loss-w-100,True,1.0747334957122803,"[0.06361213326454163, 0.06393075734376907, 0.05823061987757683, 0.06238286569714546, 0.4153978228569031, 0.0, 0.06880524009466171, 0.28936663269996643, 0.05300748720765114]",0.0,0.05,0.16666666666666666
23,cmc,3,loss_w_100,DBNC-loss-w-100,True,2.406865119934082,"[0.4418681263923645, 0.6485795378684998, 0.20070010423660278, 0.1260765790939331, 0.28046247363090515, 0.2810702919960022, 0.2461475431919098, 0.18196061253547668, 0.0]",0.0,0.05,0.2361111111111111
23,cmc,4,loss_w_100,DBNC-loss-w-100,True,2.0670454502105713,"[0.1888751983642578, 0.14233043789863586, 0.14810068905353546, 0.15033143758773804, 0.9864712357521057, 0.14867664873600006, 0.14471951127052307, 0.15754029154777527, 0.0]",0.0,0.05,0.20833333333333334
23,cmc,1,loss_w_100,DBNC-loss-w-100,True,2.4187846183776855,"[0.2164381891489029, 0.2754230201244354, 0.6953230500221252, 0.0986773669719696, 0.25369730591773987, 0.26944929361343384, 0.32005447149276733, 0.2897219657897949, 0.0]",0.0,0.05,0.2777777777777778
23,cmc,2,loss_w_100,DBNC-loss-w-100,True,2.914177894592285,"[0.4913971722126007, 0.02663584053516388, 0.9154365062713623, 0.29503151774406433, 0.29030922055244446, 0.3038592040538788, 0.0, 0.2857816219329834, 0.3057267367839813]",0.0,0.05,0.2777777777777778
23,cmc,0,loss_w_100,DBNC-loss-w-100,True,2.47847056388855,"[0.3207506537437439, 0.3304920494556427, 0.3927401006221771, 0.0, 0.039674174040555954, 0.33297497034072876, 0.3267633616924286, 0.3419308066368103, 0.3931443989276886]",0.0,0.05,0.19444444444444445
37,diabetes,3,loss_w_100,DBNC-loss-w-100,True,5.291904449462891,"[0.9134490489959717, 0.0, 1.367226004600525, 0.6642223596572876, 0.42492538690567017, 0.12242385745048523, 1.5959185361862183, 0.20373891294002533]",0.25,0.05,0.48214285714285715
37,diabetes,4,loss_w_100,DBNC-loss-w-100,True,4.189299583435059,"[1.2813506126403809, 0.028631776571273804, 0.2017470896244049, 0.457828551530838, 0.33328869938850403, 0.45771533250808716, 0.0, 1.4287378787994385]",0.25,0.05,0.4107142857142857
37,diabetes,1,loss_w_100,DBNC-loss-w-100,True,4.287556171417236,"[1.1778513193130493, 1.0292645692825317, 0.42308691143989563, 0.3515644073486328, 0.3411282002925873, 0.0, 0.7625520825386047, 0.2021087408065796]",0.25,0.05,0.42857142857142855
37,diabetes,2,loss_w_100,DBNC-loss-w-100,True,5.146016597747803,"[1.5968115329742432, 0.21415552496910095, 0.5402268171310425, 0.8422813415527344, 0.7078475952148438, 1.073041558265686, 0.0, 0.17165224254131317]",0.25,0.05,0.4642857142857143
37,diabetes,0,loss_w_100,DBNC-loss-w-100,True,4.985485553741455,"[1.2375932931900024, 1.77130126953125, 0.20330676436424255, 0.4495171308517456, 0.07855458557605743, 0.823430597782135, 0.0, 0.42178207635879517]",0.25,0.05,0.48214285714285715
53,heart-statlog,3,loss_w_100,DBNC-loss-w-100,True,10.003561019897461,"[0.4956092834472656, 0.15716299414634705, 0.10777649283409119, 1.0173916816711426, 0.9239556193351746, 0.96620112657547, 0.1009337455034256, 2.0564076900482178, 0.5901563167572021, 0.0, 0.9347184896469116, 1.69033682346344, 0.9629110097885132]",0.15384615384615385,0.05,0.4166666666666667
53,heart-statlog,4,loss_w_100,DBNC-loss-w-100,True,9.027114868164062,"[0.33242255449295044, 0.39251434803009033, 2.492079496383667, 0.0, 0.4254496097564697, 0.5906293392181396, 1.1329867839813232, 0.5324337482452393, 0.06148247420787811, 0.47602587938308716, 1.0885770320892334, 1.0890897512435913, 0.41342395544052124]",0.3076923076923077,0.05,0.3717948717948718
53,heart-statlog,1,loss_w_100,DBNC-loss-w-100,True,10.175880432128906,"[0.6578786969184875, 1.2479922771453857, 0.0, 0.959159255027771, 1.4059875011444092, 0.13875234127044678, 0.6357739567756653, 0.9190070033073425, 0.2340611070394516, 1.333930492401123, 0.3159676194190979, 0.21694332361221313, 2.1104276180267334]",0.3076923076923077,0.05,0.42948717948717946
53,heart-statlog,2,loss_w_100,DBNC-loss-w-100,True,8.664148330688477,"[0.08692719787359238, 1.3251441717147827, 0.4157755970954895, 0.06787940114736557, 1.3770655393600464, 0.8391914963722229, 0.026173388585448265, 0.6872255206108093, 1.2564181089401245, 1.707830548286438, 0.0, 0.7590036392211914, 0.11551415920257568]",0.3076923076923077,0.05,0.4230769230769231
53,heart-statlog,0,loss_w_100,DBNC-loss-w-100,True,9.173306465148926,"[0.14318394660949707, 0.7883619666099548, 0.1376534402370453, 0.7786192893981934, 0.8015426993370056, 1.3812191486358643, 1.213879108428955, 1.3950676918029785, 0.41162270307540894, 0.5371249914169312, 0.0, 0.15299947559833527, 1.4320316314697266]",0.3076923076923077,0.05,0.4166666666666667
56,vote,3,loss_w_075,DBNC-loss-w-075,True,18.1467342376709,"[2.9405412673950195, 0.7432428598403931, 0.8958762884140015, 2.4113965034484863, 0.28499430418014526, 0.0, 0.3153087794780731, 2.524038791656494, 0.10072799772024155, 1.2730810642242432, 1.1743178367614746, 2.075256824493408, 0.74214106798172, 0.304404616355896, 0.2759513854980469, 2.0854556560516357]",0.4375,0.05,0.44583333333333336
56,vote,4,loss_w_075,DBNC-loss-w-075,True,15.752091407775879,"[2.4543840885162354, 1.350253939628601, 0.25638312101364136, 0.9625508785247803, 0.29102373123168945, 1.5205373764038086, 0.10128474980592728, 0.9675987362861633, 1.5466148853302002, 1.0677121877670288, 1.8542135953903198, 0.9249294996261597, 0.23635374009609222, 0.9850085973739624, 1.233242154121399, 0.0]",0.3125,0.05,0.4041666666666667
56,vote,1,loss_w_075,DBNC-loss-w-075,True,14.257583618164062,"[2.2286038398742676, 0.08011450618505478, 1.9654425382614136, 0.0, 0.8736318349838257, 0.9052122831344604, 0.6938104033470154, 0.9341285228729248, 0.2031606286764145, 0.9956668615341187, 0.753603458404541, 0.8675960302352905, 1.479356288909912, 1.4900376796722412, 0.7204843759536743, 0.06673435121774673]",0.25,0.05,0.4041666666666667
56,vote,2,loss_w_075,DBNC-loss-w-075,True,17.19137191772461,"[1.6872220039367676, 1.9240663051605225, 0.0, 0.32753679156303406, 0.36412620544433594, 0.17582756280899048, 0.3444843888282776, 2.9065442085266113, 2.7215700149536133, 1.0316414833068848, 1.0878127813339233, 0.46730926632881165, 1.1333223581314087, 0.2366238683462143, 0.5358557105064392, 2.2474308013916016]",0.3125,0.05,0.44583333333333336
56,vote,0,loss_w_075,DBNC-loss-w-075,True,17.65776252746582,"[0.9207819104194641, 0.0, 2.387752056121826, 1.3580577373504639, 2.485684394836426, 0.14790655672550201, 3.238497257232666, 0.4381367862224579, 1.5087701082229614, 0.21952462196350098, 0.8678756952285767, 0.6915616989135742, 1.2077447175979614, 0.5919133424758911, 1.474518895149231, 0.11903728544712067]",0.375,0.05,0.4375
15,breast-w,3,loss_w_075,DBNC-loss-w-075,True,1.1450254917144775,"[0.04535079747438431, 0.09740622341632843, 0.060259055346250534, 0.06848900020122528, 0.0, 0.19887804985046387, 0.48581647872924805, 0.06529783457517624, 0.1235281378030777]",0.0,0.05,0.16666666666666666
15,breast-w,4,loss_w_075,DBNC-loss-w-075,True,1.3154571056365967,"[0.07158724218606949, 0.09636937081813812, 0.25971707701683044, 0.14506472647190094, 0.41864901781082153, 0.09428341686725616, 0.051806531846523285, 0.17797976732254028, 0.0]",0.0,0.05,0.1527777777777778
15,breast-w,1,loss_w_075,DBNC-loss-w-075,True,1.4820642471313477,"[0.42745018005371094, 0.0, 0.13173836469650269, 0.01984025351703167, 0.39505258202552795, 0.14854171872138977, 0.11746040731668472, 0.1119825541973114, 0.12999825179576874]",0.0,0.05,0.18055555555555555
15,breast-w,2,loss_w_075,DBNC-loss-w-075,True,1.155755877494812,"[0.08784013986587524, 0.05263242498040199, 0.1261650025844574, 0.1274259388446808, 0.33616334199905396, 0.06258208304643631, 0.16172420978546143, 0.2012227326631546, 0.0]",0.0,0.05,0.1388888888888889
15,breast-w,0,loss_w_075,DBNC-loss-w-075,True,1.073714017868042,"[0.06407351046800613, 0.06507833302021027, 0.05848913639783859, 0.0642281323671341, 0.41253936290740967, 0.0, 0.06881846487522125, 0.2874872386455536, 0.05299985036253929]",0.0,0.05,0.16666666666666666
23,cmc,3,loss_w_075,DBNC-loss-w-075,True,2.049755573272705,"[0.2710931897163391, 0.7921133041381836, 0.16553016006946564, 0.1549195498228073, 0.17222699522972107, 0.17524325847625732, 0.1762787103652954, 0.14235040545463562, 0.0]",0.0,0.05,0.20833333333333334
23,cmc,4,loss_w_075,DBNC-loss-w-075,True,2.054241418838501,"[0.18637020885944366, 0.1394633650779724, 0.15598547458648682, 0.14295457303524017, 0.9907771348953247, 0.14190295338630676, 0.14077134430408478, 0.15601636469364166, 0.0]",0.0,0.05,0.20833333333333334
23,cmc,1,loss_w_075,DBNC-loss-w-075,True,2.4086294174194336,"[0.21460020542144775, 0.2693311274051666, 0.71466064453125, 0.10214988887310028, 0.2507743239402771, 0.2594992220401764, 0.29977959394454956, 0.2978343963623047, 0.0]",0.0,0.05,0.2916666666666667
23,cmc,2,loss_w_075,DBNC-loss-w-075,True,3.620481491088867,"[0.5909200310707092, 0.07924732565879822, 1.0239497423171997, 0.3853517770767212, 0.36896049976348877, 0.39932334423065186, 0.0, 0.3842983543872833, 0.38843047618865967]",0.0,0.05,0.2916666666666667
23,cmc,0,loss_w_075,DBNC-loss-w-075,True,2.287269353866577,"[0.29018664360046387, 0.31063807010650635, 0.3588465452194214, 0.0, 0.037374187260866165, 0.30860811471939087, 0.2983957827091217, 0.3229086101055145, 0.3603113889694214]",0.0,0.05,0.19444444444444445
37,diabetes,3,loss_w_075,DBNC-loss-w-075,True,5.27196741104126,"[0.9106903076171875, 0.0, 1.3643687963485718, 0.6620350480079651, 0.42231422662734985, 0.11873698234558105, 1.5930016040802002, 0.20082050561904907]",0.25,0.05,0.48214285714285715
37,diabetes,4,loss_w_075,DBNC-loss-w-075,True,4.458172798156738,"[1.3354146480560303, 0.029124418273568153, 0.2650764584541321, 0.4849954843521118, 0.3829129934310913, 0.4853355884552002, 0.0, 1.475313425064087]",0.25,0.05,0.4107142857142857
37,diabetes,1,loss_w_075,DBNC-loss-w-075,True,4.5923943519592285,"[1.2486580610275269, 1.1543627977371216, 0.36225777864456177, 0.3680083155632019, 0.39613598585128784, 0.0, 0.8332467675209045, 0.22972464561462402]",0.25,0.05,0.42857142857142855
37,diabetes,2,loss_w_075,DBNC-loss-w-075,True,5.0518341064453125,"[1.5859205722808838, 0.213395357131958, 0.5195229053497314, 0.8205897808074951, 0.687273383140564, 1.054720401763916, 0.0, 0.17041181027889252]",0.25,0.05,0.4642857142857143
37,diabetes,0,loss_w_075,DBNC-loss-w-075,True,5.006935119628906,"[1.2407094240188599, 1.7754162549972534, 0.2057265192270279, 0.4514329731464386, 0.08326172083616257, 0.825246274471283, 0.0, 0.4251418113708496]",0.25,0.05,0.48214285714285715
53,heart-statlog,3,loss_w_075,DBNC-loss-w-075,True,10.034347534179688,"[0.4943019151687622, 0.1569153517484665, 0.10867178440093994, 1.0029183626174927, 0.9267732501029968, 0.9529560804367065, 0.1020130068063736, 2.0644640922546387, 0.5911717414855957, 0.0, 0.92936772108078, 1.6945877075195312, 1.010206937789917]",0.15384615384615385,0.05,0.4166666666666667
53,heart-statlog,4,loss_w_075,DBNC-loss-w-075,True,9.029036521911621,"[0.3335903286933899, 0.41455963253974915, 2.4978320598602295, 0.0, 0.4111415445804596, 0.5881580710411072, 1.133784294128418, 0.5407624840736389, 0.062098871916532516, 0.45688551664352417, 1.0968098640441895, 1.0689146518707275, 0.42449915409088135]",0.3076923076923077,0.05,0.3782051282051282
53,heart-statlog,1,loss_w_075,DBNC-loss-w-075,True,10.227627754211426,"[0.6437284350395203, 1.27004075050354, 0.0, 0.9350191354751587, 1.3836568593978882, 0.14484180510044098, 0.6311864256858826, 0.9313185214996338, 0.23134641349315643, 1.3062533140182495, 0.3398935794830322, 0.2156023234128952, 2.194740056991577]",0.3076923076923077,0.05,0.4358974358974359
53,heart-statlog,2,loss_w_075,DBNC-loss-w-075,True,9.386784553527832,"[0.1738218069076538, 1.7072467803955078, 0.37577900290489197, 0.10444433987140656, 1.1590110063552856, 0.9563352465629578, 0.03532526642084122, 0.569283127784729, 1.8536021709442139, 1.666754961013794, 0.0, 0.7002869844436646, 0.08489373326301575]",0.23076923076923078,0.05,0.42948717948717946
53,heart-statlog,0,loss_w_075,DBNC-loss-w-075,True,9.150418281555176,"[0.14639812707901, 0.7876494526863098, 0.1370091289281845, 0.7776716947555542, 0.7979012727737427, 1.3744041919708252, 1.2096234560012817, 1.3976739645004272, 0.41013169288635254, 0.5401180386543274, 0.0, 0.14988243579864502, 1.42195463180542]",0.3076923076923077,0.05,0.4166666666666667
56,vote,3,loss_w_000,DBNC-loss-w-000,True,17.00458335876465,"[2.686814308166504, 0.792918860912323, 0.9835261106491089, 2.3260271549224854, 0.18077930808067322, 0.0, 0.4010380208492279, 2.380556106567383, 0.027480347082018852, 1.2236424684524536, 1.430790901184082, 1.8848507404327393, 0.39707356691360474, 0.1607978641986847, 0.10799403488636017, 2.0202934741973877]",0.4375,0.05,0.45416666666666666
56,vote,4,loss_w_000,DBNC-loss-w-000,True,14.462993621826172,"[2.1021153926849365, 1.3699406385421753, 0.2250881940126419, 0.8005664348602295, 0.007742983289062977, 1.3796401023864746, 0.05527184158563614, 0.7929930686950684, 1.428297519683838, 1.1842358112335205, 1.4742053747177124, 0.962448239326477, 0.2631048262119293, 0.8371384739875793, 1.5802042484283447, 0.0]",0.375,0.05,0.3958333333333333
56,vote,1,loss_w_000,DBNC-loss-w-000,True,14.275690078735352,"[1.8556642532348633, 0.11676546931266785, 1.4574666023254395, 0.0, 1.0588442087173462, 1.2249290943145752, 0.6779747009277344, 0.9044020175933838, 0.20918244123458862, 1.171645164489746, 0.727483332157135, 0.753820538520813, 1.6557722091674805, 1.689713478088379, 0.6871002316474915, 0.08492650836706161]",0.375,0.05,0.4125
56,vote,2,loss_w_000,DBNC-loss-w-000,True,17.130802154541016,"[1.5775415897369385, 1.7332559823989868, 0.0, 0.5110013484954834, 0.44484204053878784, 0.15151390433311462, 0.4445553421974182, 2.8789215087890625, 2.5139942169189453, 1.0246535539627075, 1.1572679281234741, 0.5535991191864014, 1.1189182996749878, 0.24599452316761017, 0.6436864733695984, 2.131056070327759]",0.3125,0.05,0.45
56,vote,0,loss_w_000,DBNC-loss-w-000,True,15.938124656677246,"[0.9630556106567383, 0.0, 2.1774001121520996, 1.339065432548523, 2.3133950233459473, 0.07713200151920319, 2.787093162536621, 0.3632967472076416, 1.1809099912643433, 0.056229040026664734, 1.141061544418335, 0.6809780597686768, 1.1499361991882324, 0.3636406660079956, 1.3093152046203613, 0.03561585396528244]",0.25,0.05,0.43333333333333335
15,breast-w,3,loss_w_000,DBNC-loss-w-000,True,1.7113372087478638,"[0.07716162502765656, 0.2168724536895752, 0.0023280619643628597, 0.1417112946510315, 0.0, 0.36596205830574036, 0.5213943719863892, 0.15089909732341766, 0.23500823974609375]",0.0,0.05,0.2222222222222222
15,breast-w,4,loss_w_000,DBNC-loss-w-000,True,1.553873062133789,"[0.08461768925189972, 0.1228690892457962, 0.33018702268600464, 0.18915659189224243, 0.5015063285827637, 0.10543891787528992, 0.02136736549437046, 0.19873014092445374, 0.0]",0.0,0.05,0.19444444444444445
15,breast-w,1,loss_w_000,DBNC-loss-w-000,True,1.6052440404891968,"[0.46427208185195923, 0.001784579479135573, 0.17776572704315186, 0.0, 0.2909330129623413, 0.2038981020450592, 0.1645626574754715, 0.15777355432510376, 0.1442543864250183]",0.0,0.05,0.20833333333333334
15,breast-w,2,loss_w_000,DBNC-loss-w-000,True,1.2680224180221558,"[0.22760501503944397, 0.0, 0.20302706956863403, 0.15323388576507568, 0.19557861983776093, 0.14617669582366943, 0.2043513059616089, 0.12327122688293457, 0.01477857492864132]",0.0,0.05,0.19444444444444445
15,breast-w,0,loss_w_000,DBNC-loss-w-000,True,1.459881067276001,"[0.21996371448040009, 0.14346984028816223, 0.14291414618492126, 0.18761759996414185, 0.2356073558330536, 0.0, 0.2993394136428833, 0.1838655173778534, 0.047103434801101685]",0.0,0.05,0.19444444444444445
23,cmc,3,loss_w_000,DBNC-loss-w-000,True,3.0713160037994385,"[0.6332088708877563, 0.4789200723171234, 0.2770174443721771, 0.6184068322181702, 0.4426284432411194, 0.3811389207839966, 0.23393036425113678, 0.0, 0.0060650138184428215]",0.0,0.05,0.3194444444444444
23,cmc,4,loss_w_000,DBNC-loss-w-000,True,2.258151054382324,"[0.27174490690231323, 0.28011465072631836, 0.09568852186203003, 0.02868431806564331, 0.7980360984802246, 0.3017866015434265, 0.2019231617450714, 0.2801729440689087, 0.0]",0.0,0.05,0.3194444444444444
23,cmc,1,loss_w_000,DBNC-loss-w-000,True,2.585373878479004,"[0.19190317392349243, 0.28475046157836914, 0.49733901023864746, 0.0, 0.35399672389030457, 0.40120789408683777, 0.4636533856391907, 0.2988721430301666, 0.09365096688270569]",0.0,0.05,0.25
23,cmc,2,loss_w_000,DBNC-loss-w-000,True,2.9000673294067383,"[0.3210606575012207, 0.028738532215356827, 0.4856409430503845, 0.33503907918930054, 0.5401633381843567, 0.32793813943862915, 0.0, 0.31587523221969604, 0.5456113219261169]",0.0,0.05,0.20833333333333334
23,cmc,0,loss_w_000,DBNC-loss-w-000,True,2.4092793464660645,"[0.2727421522140503, 0.45133739709854126, 0.3979905843734741, 0.009043429046869278, 0.0, 0.23638062179088593, 0.37686166167259216, 0.3764779567718506, 0.2884456217288971]",0.0,0.05,0.19444444444444445
37,diabetes,3,loss_w_000,DBNC-loss-w-000,True,5.291018009185791,"[0.9607035517692566, 0.0, 1.3839558362960815, 0.6442321538925171, 0.4749901294708252, 0.0806545838713646, 1.5726537704467773, 0.17382800579071045]",0.25,0.05,0.5
37,diabetes,4,loss_w_000,DBNC-loss-w-000,True,4.290495872497559,"[1.347201943397522, 0.04164950177073479, 0.21921011805534363, 0.44077685475349426, 0.37411126494407654, 0.4265438914299011, 0.0, 1.4410022497177124]",0.25,0.05,0.4107142857142857
37,diabetes,1,loss_w_000,DBNC-loss-w-000,True,5.148982048034668,"[1.3888533115386963, 1.2442398071289062, 0.44083043932914734, 0.4586362838745117, 0.427168071269989, 0.0, 1.0082635879516602, 0.18099017441272736]",0.25,0.05,0.42857142857142855
37,diabetes,2,loss_w_000,DBNC-loss-w-000,True,4.667599201202393,"[1.5510486364364624, 0.2092190980911255, 0.41273820400238037, 0.7373440265655518, 0.5987991094589233, 0.9992746114730835, 0.0, 0.15917564928531647]",0.25,0.05,0.4642857142857143
37,diabetes,0,loss_w_000,DBNC-loss-w-000,True,4.80936336517334,"[1.2506884336471558, 1.7325133085250854, 0.1549915075302124, 0.44231513142585754, 0.054684028029441833, 0.7736695408821106, 0.0, 0.4005013108253479]",0.25,0.05,0.48214285714285715
53,heart-statlog,3,loss_w_000,DBNC-loss-w-000,True,9.899569511413574,"[0.5295249223709106, 0.13736256957054138, 0.07125871628522873, 1.0055599212646484, 0.8899694681167603, 0.9567170143127441, 0.15548650920391083, 2.0144202709198, 0.652400016784668, 0.0, 1.0540626049041748, 1.541813850402832, 0.8909936547279358]",0.15384615384615385,0.05,0.4166666666666667
53,heart-statlog,4,loss_w_000,DBNC-loss-w-000,True,8.845271110534668,"[0.32993581891059875, 0.370593786239624, 2.4140236377716064, 0.0, 0.6491178870201111, 0.5193866491317749, 1.1315714120864868, 0.5421559810638428, 0.03290805593132973, 0.5933243036270142, 0.6884742379188538, 1.193389654159546, 0.38038942217826843]",0.23076923076923078,0.05,0.3974358974358974
53,heart-statlog,1,loss_w_000,DBNC-loss-w-000,True,10.092287063598633,"[0.6258741021156311, 1.2553415298461914, 0.0, 0.8597850799560547, 1.3289130926132202, 0.1342136561870575, 0.6307260394096375, 0.8775581121444702, 0.19594994187355042, 1.205108880996704, 0.4466063380241394, 0.32331907749176025, 2.208890914916992]",0.3076923076923077,0.05,0.4551282051282051
53,heart-statlog,2,loss_w_000,DBNC-loss-w-000,True,9.086311340332031,"[0.23473016917705536, 1.6436439752578735, 0.26142364740371704, 0.06559664756059647, 1.1574398279190063, 0.9331938028335571, 0.03768004849553108, 0.6197285652160645, 1.7888283729553223, 1.6107134819030762, 0.0, 0.6776231527328491, 0.05570986494421959]",0.23076923076923078,0.05,0.4230769230769231
53,heart-statlog,0,loss_w_000,DBNC-loss-w-000,True,8.881416320800781,"[0.08499454706907272, 0.769065260887146, 0.2170698344707489, 0.7960392236709595, 0.7746325731277466, 1.2385599613189697, 1.1345545053482056, 1.4274927377700806, 0.4112245440483093, 0.5052431225776672, 0.0, 0.24704283475875854, 1.2754981517791748]",0.3076923076923077,0.05,0.42948717948717946
56,vote,3,no_regularization,DBNC-No-Regularization,True,17.02997589111328,"[2.694981813430786, 0.7939269542694092, 0.9844872951507568, 2.3276479244232178, 0.17789268493652344, 0.0, 0.40329068899154663, 2.386028528213501, 0.02735021896660328, 1.2257044315338135, 1.4317281246185303, 1.8865430355072021, 0.3981245458126068, 0.16134192049503326, 0.10827581584453583, 2.0226528644561768]",0.4375,0.05,0.45416666666666666
56,vote,4,no_regularization,DBNC-No-Regularization,True,14.52473258972168,"[2.1175291538238525, 1.3718774318695068, 0.22550484538078308, 0.8007107973098755, 0.008055846206843853, 1.3837311267852783, 0.05532190948724747, 0.7930184006690979, 1.4304709434509277, 1.1849026679992676, 1.4756927490234375, 0.9633282423019409, 0.2635885179042816, 0.8386220932006836, 1.6123772859573364, 0.0]",0.375,0.05,0.4
56,vote,1,no_regularization,DBNC-No-Regularization,True,14.309709548950195,"[1.8777161836624146, 0.11688008159399033, 1.4578090906143188, 0.0, 1.0598242282867432, 1.2274268865585327, 0.6784522533416748, 0.9038383960723877, 0.20932911336421967, 1.1751357316970825, 0.7268831133842468, 0.7542370557785034, 1.6589124202728271, 1.6922311782836914, 0.6861833333969116, 0.08484966307878494]",0.375,0.05,0.4125
56,vote,2,no_regularization,DBNC-No-Regularization,True,17.159748077392578,"[1.5800237655639648, 1.7376340627670288, 0.0, 0.511161744594574, 0.44490551948547363, 0.15151771903038025, 0.4446432292461395, 2.884295701980591, 2.5192995071411133, 1.0247397422790527, 1.1611024141311646, 0.553970217704773, 1.1206393241882324, 0.24605849385261536, 0.645018458366394, 2.134737968444824]",0.3125,0.05,0.45
56,vote,0,no_regularization,DBNC-No-Regularization,True,15.959779739379883,"[0.9651206135749817, 0.0, 2.1832735538482666, 1.3511074781417847, 2.318915367126465, 0.08243465423583984, 2.794917583465576, 0.36075615882873535, 1.1502373218536377, 0.05736955627799034, 1.140041470527649, 0.6804493069648743, 1.1308727264404297, 0.3632042407989502, 1.345349669456482, 0.035731054842472076]",0.25,0.05,0.43333333333333335
15,breast-w,3,no_regularization,DBNC-No-Regularization,True,1.4957127571105957,"[0.020345967262983322, 0.1501738429069519, 0.08787697553634644, 0.13158132135868073, 0.0, 0.2866373658180237, 0.48736733198165894, 0.13633695244789124, 0.19539301097393036]",0.0,0.05,0.20833333333333334
15,breast-w,4,no_regularization,DBNC-No-Regularization,True,1.4885128736495972,"[0.08422241359949112, 0.10664533078670502, 0.30739453434944153, 0.18816374242305756, 0.47259488701820374, 0.09493653476238251, 0.02963665872812271, 0.204918771982193, 0.0]",0.0,0.05,0.18055555555555555
15,breast-w,1,no_regularization,DBNC-No-Regularization,True,1.7393475770950317,"[0.4344637393951416, 0.0, 0.200654074549675, 0.01211406011134386, 0.3145238161087036, 0.22147482633590698, 0.17303679883480072, 0.17723827064037323, 0.20584194362163544]",0.0,0.05,0.19444444444444445
15,breast-w,2,no_regularization,DBNC-No-Regularization,True,1.6281770467758179,"[0.22189846634864807, 0.07864409685134888, 0.2522328197956085, 0.218905970454216, 0.35588765144348145, 0.019311755895614624, 0.28214031457901, 0.1991560310125351, 0.0]",0.0,0.05,0.2361111111111111
15,breast-w,0,no_regularization,DBNC-No-Regularization,True,1.506248116493225,"[0.11152505874633789, 0.15479376912117004, 0.12438052892684937, 0.15640698373317719, 0.38173651695251465, 0.0, 0.2440359890460968, 0.30305057764053345, 0.03031875379383564]",0.0,0.05,0.16666666666666666
23,cmc,3,no_regularization,DBNC-No-Regularization,True,2.6181509494781494,"[0.5057916045188904, 0.893334150314331, 0.25948160886764526, 0.29764264822006226, 0.14064446091651917, 0.1669740080833435, 0.2188713103532791, 0.13541118800640106, 0.0]",0.0,0.05,0.2638888888888889
23,cmc,4,no_regularization,DBNC-No-Regularization,True,1.8656020164489746,"[0.13641083240509033, 0.12479112297296524, 0.12727773189544678, 0.15512846410274506, 0.9475193023681641, 0.12168236076831818, 0.12087313830852509, 0.13191913068294525, 0.0]",0.0,0.05,0.20833333333333334
23,cmc,1,no_regularization,DBNC-No-Regularization,True,2.4265034198760986,"[0.2858363389968872, 0.21306583285331726, 0.8919841051101685, 0.1302141547203064, 0.24976958334445953, 0.2497459501028061, 0.20329737663269043, 0.20259007811546326, 0.0]",0.0,0.05,0.2222222222222222
23,cmc,2,no_regularization,DBNC-No-Regularization,True,3.831878900527954,"[0.7254247665405273, 0.08644771575927734, 1.0618903636932373, 0.42770302295684814, 0.3635047674179077, 0.3892197906970978, 0.0, 0.3893594741821289, 0.3883292078971863]",0.0,0.05,0.3611111111111111
23,cmc,0,no_regularization,DBNC-No-Regularization,True,2.7739696502685547,"[0.5052937269210815, 0.32770711183547974, 0.3632962703704834, 0.0, 0.11056169122457504, 0.3596786856651306, 0.3677339553833008, 0.37560856342315674, 0.36408957839012146]",0.0,0.05,0.20833333333333334
37,diabetes,3,no_regularization,DBNC-No-Regularization,True,5.339119911193848,"[0.9428746700286865, 0.0, 1.3854950666427612, 0.6746275424957275, 0.47075286507606506, 0.0948483794927597, 1.5701652765274048, 0.20035602152347565]",0.25,0.05,0.5
37,diabetes,4,no_regularization,DBNC-No-Regularization,True,4.484535217285156,"[1.356804370880127, 0.0423143096268177, 0.24227097630500793, 0.5295857787132263, 0.3995824456214905, 0.45343297719955444, 0.0, 1.4605443477630615]",0.25,0.05,0.4107142857142857
37,diabetes,1,no_regularization,DBNC-No-Regularization,True,5.201888084411621,"[1.403825283050537, 1.2330262660980225, 0.47167736291885376, 0.462442547082901, 0.5272842049598694, 0.0, 0.9166337251663208, 0.18699894845485687]",0.25,0.05,0.42857142857142855
37,diabetes,2,no_regularization,DBNC-No-Regularization,True,5.119269371032715,"[1.6102076768875122, 0.23077517747879028, 0.5355005860328674, 0.8311684131622314, 0.721713125705719, 1.0336618423461914, 0.0, 0.15624244511127472]",0.25,0.05,0.48214285714285715
37,diabetes,0,no_regularization,DBNC-No-Regularization,True,4.690307140350342,"[1.2023553848266602, 1.7161465883255005, 0.1451457291841507, 0.42806002497673035, 0.05557485669851303, 0.750967800617218, 0.0, 0.39205682277679443]",0.25,0.05,0.48214285714285715
53,heart-statlog,3,no_regularization,DBNC-No-Regularization,True,9.956302642822266,"[0.5295844078063965, 0.1410103440284729, 0.07126647233963013, 1.0069339275360107, 0.8901417255401611, 0.9824169278144836, 0.1597914844751358, 2.016727924346924, 0.6698043346405029, 0.0, 1.0547688007354736, 1.5429635047912598, 0.8908920288085938]",0.15384615384615385,0.05,0.4166666666666667
53,heart-statlog,4,no_regularization,DBNC-No-Regularization,True,8.961076736450195,"[0.3299716114997864, 0.3891248106956482, 2.4169983863830566, 0.0, 0.650367021560669, 0.5464171767234802, 1.1909445524215698, 0.5423663854598999, 0.0346192792057991, 0.594333827495575, 0.6887750625610352, 1.196791410446167, 0.38036826252937317]",0.23076923076923078,0.05,0.3974358974358974
53,heart-statlog,1,no_regularization,DBNC-No-Regularization,True,10.227544784545898,"[0.6259675025939941, 1.3123520612716675, 0.0, 0.8598599433898926, 1.3302397727966309, 0.1370721161365509, 0.6442014575004578, 0.8786964416503906, 0.19994723796844482, 1.2056884765625, 0.44661009311676025, 0.3233233690261841, 2.2635862827301025]",0.3076923076923077,0.05,0.4551282051282051
53,heart-statlog,2,no_regularization,DBNC-No-Regularization,True,9.390338897705078,"[0.23485197126865387, 1.7693508863449097, 0.2617911994457245, 0.06465423852205276, 1.15817129611969, 0.981726348400116, 0.03980317711830139, 0.6199411153793335, 1.9125714302062988, 1.6115237474441528, 0.0, 0.6776508092880249, 0.05830303207039833]",0.23076923076923078,0.05,0.4166666666666667
53,heart-statlog,0,no_regularization,DBNC-No-Regularization,True,9.61488151550293,"[0.0850534662604332, 0.8767297267913818, 0.21705660223960876, 0.7896525859832764, 0.7864649891853333, 1.4217082262039185, 1.3022271394729614, 1.4316697120666504, 0.4729462265968323, 0.505324125289917, 0.0, 0.24714605510234833, 1.478902816772461]",0.3076923076923077,0.05,0.42948717948717946
56,vote,3,loss_w_050,DBNC-loss-w-050,True,16.85308074951172,"[2.7799532413482666, 0.7300920486450195, 0.6213836669921875, 2.116835832595825, 0.21699833869934082, 0.0, 0.20576876401901245, 2.517411231994629, 0.03898905590176582, 1.156677007675171, 1.2869962453842163, 1.9798284769058228, 0.5961173176765442, 0.2052651345729828, 0.18910229206085205, 2.2116620540618896]",0.4375,0.05,0.44166666666666665
56,vote,4,loss_w_050,DBNC-loss-w-050,True,15.805888175964355,"[2.440819263458252, 1.3641682863235474, 0.25924763083457947, 0.9703559875488281, 0.30749911069869995, 1.5176749229431152, 0.10533442348241806, 0.9399027824401855, 1.561229944229126, 1.0675922632217407, 1.9582509994506836, 0.9028611183166504, 0.2450343370437622, 0.9590520858764648, 1.2068653106689453, 0.0]",0.3125,0.05,0.4125
56,vote,1,loss_w_050,DBNC-loss-w-050,True,14.239042282104492,"[2.227797269821167, 0.07764846831560135, 1.9653456211090088, 0.0, 0.880514919757843, 0.9036663174629211, 0.6935586929321289, 0.9332597255706787, 0.20243802666664124, 0.994884729385376, 0.7536643743515015, 0.8666212558746338, 1.4704508781433105, 1.480010747909546, 0.7220642566680908, 0.06711804121732712]",0.25,0.05,0.4041666666666667
56,vote,2,loss_w_050,DBNC-loss-w-050,True,17.254390716552734,"[1.6981215476989746, 1.940068006515503, 0.0, 0.3276742696762085, 0.36746877431869507, 0.178111270070076, 0.3458327353000641, 2.909580707550049, 2.7355663776397705, 1.0427747964859009, 1.0963996648788452, 0.45386096835136414, 1.140472412109375, 0.23710966110229492, 0.5214154720306396, 2.259934425354004]",0.3125,0.05,0.44583333333333336
56,vote,0,loss_w_050,DBNC-loss-w-050,True,17.869598388671875,"[0.9786360263824463, 0.0, 2.414634943008423, 1.3832652568817139, 2.54197359085083, 0.14798963069915771, 3.25008487701416, 0.46285292506217957, 1.5208466053009033, 0.12022119760513306, 0.9199542999267578, 0.7202858924865723, 1.2377952337265015, 0.5770049095153809, 1.4768178462982178, 0.11723620444536209]",0.375,0.05,0.44166666666666665
15,breast-w,3,loss_w_050,DBNC-loss-w-050,True,1.1430702209472656,"[0.04539823159575462, 0.09719975292682648, 0.05990365892648697, 0.06801202893257141, 0.0, 0.19853049516677856, 0.4850410223007202, 0.06534859538078308, 0.12363644689321518]",0.0,0.05,0.16666666666666666
15,breast-w,4,loss_w_050,DBNC-loss-w-050,True,1.3158164024353027,"[0.07162618637084961, 0.09645791351795197, 0.25966525077819824, 0.14543604850769043, 0.41895073652267456, 0.09385690093040466, 0.05161153897643089, 0.1782117486000061, 0.0]",0.0,0.05,0.1527777777777778
15,breast-w,1,loss_w_050,DBNC-loss-w-050,True,1.5065778493881226,"[0.4280698299407959, 0.0, 0.13926056027412415, 0.023441215977072716, 0.39529117941856384, 0.14696678519248962, 0.12044184654951096, 0.11803197860717773, 0.1350744366645813]",0.0,0.05,0.18055555555555555
15,breast-w,2,loss_w_050,DBNC-loss-w-050,True,1.1617358922958374,"[0.08904896676540375, 0.05195482447743416, 0.12688325345516205, 0.12900158762931824, 0.3369458317756653, 0.062560074031353, 0.1630266308784485, 0.20231476426124573, 0.0]",0.0,0.05,0.1388888888888889
15,breast-w,0,loss_w_050,DBNC-loss-w-050,True,1.0743008852005005,"[0.060948289930820465, 0.0638657882809639, 0.060850225389003754, 0.062338512390851974, 0.40922099351882935, 0.0, 0.07368241250514984, 0.2862939238548279, 0.057100728154182434]",0.0,0.05,0.16666666666666666
23,cmc,3,loss_w_050,DBNC-loss-w-050,True,2.0582289695739746,"[0.28435513377189636, 0.796314001083374, 0.1693086326122284, 0.1506573110818863, 0.17163696885108948, 0.16810137033462524, 0.17631259560585022, 0.14154310524463654, 0.0]",0.0,0.05,0.20833333333333334
23,cmc,4,loss_w_050,DBNC-loss-w-050,True,2.1006314754486084,"[0.18491341173648834, 0.14248469471931458, 0.16088509559631348, 0.14408664405345917, 1.0142340660095215, 0.14886845648288727, 0.14524640142917633, 0.159912571310997, 0.0]",0.0,0.05,0.20833333333333334
23,cmc,1,loss_w_050,DBNC-loss-w-050,True,2.3918771743774414,"[0.21404345333576202, 0.26939186453819275, 0.7377617359161377, 0.10891135036945343, 0.24829959869384766, 0.2503792941570282, 0.27936723828315735, 0.28372281789779663, 0.0]",0.0,0.05,0.2916666666666667
23,cmc,2,loss_w_050,DBNC-loss-w-050,True,3.6231067180633545,"[0.5954287052154541, 0.07247108966112137, 1.0367441177368164, 0.38287046551704407, 0.37522611021995544, 0.39452189207077026, 0.0, 0.37998875975608826, 0.3858555555343628]",0.0,0.05,0.2916666666666667
23,cmc,0,loss_w_050,DBNC-loss-w-050,True,2.84627628326416,"[0.41097477078437805, 0.36275389790534973, 0.38389110565185547, 0.0, 0.11419986188411713, 0.4001445174217224, 0.40671753883361816, 0.38340243697166443, 0.38419219851493835]",0.0,0.05,0.20833333333333334
37,diabetes,3,loss_w_050,DBNC-loss-w-050,True,5.254207611083984,"[0.9077913761138916, 0.0, 1.3616973161697388, 0.6603744029998779, 0.4212181866168976, 0.11411712318658829, 1.5902999639511108, 0.1987094283103943]",0.25,0.05,0.48214285714285715
37,diabetes,4,loss_w_050,DBNC-loss-w-050,True,4.44101619720459,"[1.3377130031585693, 0.028889259323477745, 0.26022520661354065, 0.48391544818878174, 0.38000038266181946, 0.48401203751564026, 0.0, 1.4662610292434692]",0.25,0.05,0.4107142857142857
37,diabetes,1,loss_w_050,DBNC-loss-w-050,True,4.464849948883057,"[1.2145179510116577, 1.1184589862823486, 0.35065561532974243, 0.3649176359176636, 0.3741142451763153, 0.0, 0.8139342665672302, 0.2282513678073883]",0.25,0.05,0.42857142857142855
37,diabetes,2,loss_w_050,DBNC-loss-w-050,True,5.1844096183776855,"[1.597846269607544, 0.21606381237506866, 0.5501112937927246, 0.8496946096420288, 0.7183923721313477, 1.0805565118789673, 0.0, 0.17174485325813293]",0.25,0.05,0.4642857142857143
37,diabetes,0,loss_w_050,DBNC-loss-w-050,True,4.993895530700684,"[1.240130066871643, 1.7727385759353638, 0.2007455676794052, 0.45028743147850037, 0.08683829754590988, 0.8201996088027954, 0.0, 0.4229561686515808]",0.25,0.05,0.48214285714285715
53,heart-statlog,3,loss_w_050,DBNC-loss-w-050,True,10.047823905944824,"[0.49823451042175293, 0.15408918261528015, 0.10942955315113068, 0.9958522915840149, 0.9301378130912781, 0.9563682675361633, 0.09712618589401245, 2.074963092803955, 0.5947078466415405, 0.0, 0.922588050365448, 1.7028030157089233, 1.0115242004394531]",0.15384615384615385,0.05,0.4166666666666667
53,heart-statlog,4,loss_w_050,DBNC-loss-w-050,True,9.066695213317871,"[0.3323627710342407, 0.43287110328674316, 2.5053064823150635, 0.0, 0.43555259704589844, 0.5595183372497559, 1.1374493837356567, 0.5843508243560791, 0.06002398580312729, 0.4460706114768982, 1.0855157375335693, 1.0558797121047974, 0.4317936897277832]",0.3076923076923077,0.05,0.3717948717948718
53,heart-statlog,1,loss_w_050,DBNC-loss-w-050,True,10.21509075164795,"[0.6483259201049805, 1.26065194606781, 0.0, 0.9233103394508362, 1.3852653503417969, 0.14339859783649445, 0.6304501891136169, 0.9395545125007629, 0.22821472585201263, 1.3145886659622192, 0.33900701999664307, 0.22211897373199463, 2.180204153060913]",0.3076923076923077,0.05,0.4358974358974359
53,heart-statlog,2,loss_w_050,DBNC-loss-w-050,True,9.217281341552734,"[0.1882595270872116, 1.599751591682434, 0.3870214819908142, 0.1380242258310318, 1.1980220079421997, 0.9256054759025574, 0.04049353301525116, 0.535568356513977, 1.748344898223877, 1.6504563093185425, 0.0, 0.7149903178215027, 0.09074419736862183]",0.3076923076923077,0.05,0.4358974358974359
53,heart-statlog,0,loss_w_050,DBNC-loss-w-050,True,9.146808624267578,"[0.14580339193344116, 0.7839136719703674, 0.13959255814552307, 0.7656500339508057, 0.7811915278434753, 1.3881179094314575, 1.2216031551361084, 1.3820732831954956, 0.41506657004356384, 0.5528205037117004, 0.0, 0.13280637562274933, 1.4381709098815918]",0.3076923076923077,0.05,0.4166666666666667
56,vote,3,conditional_only,DBNC-Conditional-Only,True,17.00458335876465,"[2.686814308166504, 0.792918860912323, 0.9835261106491089, 2.3260271549224854, 0.18077930808067322, 0.0, 0.4010380208492279, 2.380556106567383, 0.027480347082018852, 1.2236424684524536, 1.430790901184082, 1.8848507404327393, 0.39707356691360474, 0.1607978641986847, 0.10799403488636017, 2.0202934741973877]",0.4375,0.05,0.45416666666666666
56,vote,4,conditional_only,DBNC-Conditional-Only,True,14.462993621826172,"[2.1021153926849365, 1.3699406385421753, 0.2250881940126419, 0.8005664348602295, 0.007742983289062977, 1.3796401023864746, 0.05527184158563614, 0.7929930686950684, 1.428297519683838, 1.1842358112335205, 1.4742053747177124, 0.962448239326477, 0.2631048262119293, 0.8371384739875793, 1.5802042484283447, 0.0]",0.375,0.05,0.3958333333333333
56,vote,1,conditional_only,DBNC-Conditional-Only,True,14.275690078735352,"[1.8556642532348633, 0.11676546931266785, 1.4574666023254395, 0.0, 1.0588442087173462, 1.2249290943145752, 0.6779747009277344, 0.9044020175933838, 0.20918244123458862, 1.171645164489746, 0.727483332157135, 0.753820538520813, 1.6557722091674805, 1.689713478088379, 0.6871002316474915, 0.08492650836706161]",0.375,0.05,0.4125
56,vote,2,conditional_only,DBNC-Conditional-Only,True,17.130802154541016,"[1.5775415897369385, 1.7332559823989868, 0.0, 0.5110013484954834, 0.44484204053878784, 0.15151390433311462, 0.4445553421974182, 2.8789215087890625, 2.5139942169189453, 1.0246535539627075, 1.1572679281234741, 0.5535991191864014, 1.1189182996749878, 0.24599452316761017, 0.6436864733695984, 2.131056070327759]",0.3125,0.05,0.45
56,vote,0,conditional_only,DBNC-Conditional-Only,True,15.938124656677246,"[0.9630556106567383, 0.0, 2.1774001121520996, 1.339065432548523, 2.3133950233459473, 0.07713200151920319, 2.787093162536621, 0.3632967472076416, 1.1809099912643433, 0.056229040026664734, 1.141061544418335, 0.6809780597686768, 1.1499361991882324, 0.3636406660079956, 1.3093152046203613, 0.03561585396528244]",0.25,0.05,0.43333333333333335
15,breast-w,3,conditional_only,DBNC-Conditional-Only,True,1.7113372087478638,"[0.07716162502765656, 0.2168724536895752, 0.0023280619643628597, 0.1417112946510315, 0.0, 0.36596205830574036, 0.5213943719863892, 0.15089909732341766, 0.23500823974609375]",0.0,0.05,0.2222222222222222
15,breast-w,4,conditional_only,DBNC-Conditional-Only,True,1.553873062133789,"[0.08461768925189972, 0.1228690892457962, 0.33018702268600464, 0.18915659189224243, 0.5015063285827637, 0.10543891787528992, 0.02136736549437046, 0.19873014092445374, 0.0]",0.0,0.05,0.19444444444444445
15,breast-w,1,conditional_only,DBNC-Conditional-Only,True,1.6052440404891968,"[0.46427208185195923, 0.001784579479135573, 0.17776572704315186, 0.0, 0.2909330129623413, 0.2038981020450592, 0.1645626574754715, 0.15777355432510376, 0.1442543864250183]",0.0,0.05,0.20833333333333334
15,breast-w,2,conditional_only,DBNC-Conditional-Only,True,1.2680224180221558,"[0.22760501503944397, 0.0, 0.20302706956863403, 0.15323388576507568, 0.19557861983776093, 0.14617669582366943, 0.2043513059616089, 0.12327122688293457, 0.01477857492864132]",0.0,0.05,0.19444444444444445
15,breast-w,0,conditional_only,DBNC-Conditional-Only,True,1.459881067276001,"[0.21996371448040009, 0.14346984028816223, 0.14291414618492126, 0.18761759996414185, 0.2356073558330536, 0.0, 0.2993394136428833, 0.1838655173778534, 0.047103434801101685]",0.0,0.05,0.19444444444444445
23,cmc,3,conditional_only,DBNC-Conditional-Only,True,3.0713160037994385,"[0.6332088708877563, 0.4789200723171234, 0.2770174443721771, 0.6184068322181702, 0.4426284432411194, 0.3811389207839966, 0.23393036425113678, 0.0, 0.0060650138184428215]",0.0,0.05,0.3194444444444444
23,cmc,4,conditional_only,DBNC-Conditional-Only,True,2.258151054382324,"[0.27174490690231323, 0.28011465072631836, 0.09568852186203003, 0.02868431806564331, 0.7980360984802246, 0.3017866015434265, 0.2019231617450714, 0.2801729440689087, 0.0]",0.0,0.05,0.3194444444444444
23,cmc,1,conditional_only,DBNC-Conditional-Only,True,2.585373878479004,"[0.19190317392349243, 0.28475046157836914, 0.49733901023864746, 0.0, 0.35399672389030457, 0.40120789408683777, 0.4636533856391907, 0.2988721430301666, 0.09365096688270569]",0.0,0.05,0.25
23,cmc,2,conditional_only,DBNC-Conditional-Only,True,2.9000673294067383,"[0.3210606575012207, 0.028738532215356827, 0.4856409430503845, 0.33503907918930054, 0.5401633381843567, 0.32793813943862915, 0.0, 0.31587523221969604, 0.5456113219261169]",0.0,0.05,0.20833333333333334
23,cmc,0,conditional_only,DBNC-Conditional-Only,True,2.4092793464660645,"[0.2727421522140503, 0.45133739709854126, 0.3979905843734741, 0.009043429046869278, 0.0, 0.23638062179088593, 0.37686166167259216, 0.3764779567718506, 0.2884456217288971]",0.0,0.05,0.19444444444444445
37,diabetes,3,conditional_only,DBNC-Conditional-Only,True,5.291018009185791,"[0.9607035517692566, 0.0, 1.3839558362960815, 0.6442321538925171, 0.4749901294708252, 0.0806545838713646, 1.5726537704467773, 0.17382800579071045]",0.25,0.05,0.5
37,diabetes,4,conditional_only,DBNC-Conditional-Only,True,4.290495872497559,"[1.347201943397522, 0.04164950177073479, 0.21921011805534363, 0.44077685475349426, 0.37411126494407654, 0.4265438914299011, 0.0, 1.4410022497177124]",0.25,0.05,0.4107142857142857
37,diabetes,1,conditional_only,DBNC-Conditional-Only,True,5.148982048034668,"[1.3888533115386963, 1.2442398071289062, 0.44083043932914734, 0.4586362838745117, 0.427168071269989, 0.0, 1.0082635879516602, 0.18099017441272736]",0.25,0.05,0.42857142857142855
37,diabetes,2,conditional_only,DBNC-Conditional-Only,True,4.667599201202393,"[1.5510486364364624, 0.2092190980911255, 0.41273820400238037, 0.7373440265655518, 0.5987991094589233, 0.9992746114730835, 0.0, 0.15917564928531647]",0.25,0.05,0.4642857142857143
37,diabetes,0,conditional_only,DBNC-Conditional-Only,True,4.80936336517334,"[1.2506884336471558, 1.7325133085250854, 0.1549915075302124, 0.44231513142585754, 0.054684028029441833, 0.7736695408821106, 0.0, 0.4005013108253479]",0.25,0.05,0.48214285714285715
53,heart-statlog,3,conditional_only,DBNC-Conditional-Only,True,9.899569511413574,"[0.5295249223709106, 0.13736256957054138, 0.07125871628522873, 1.0055599212646484, 0.8899694681167603, 0.9567170143127441, 0.15548650920391083, 2.0144202709198, 0.652400016784668, 0.0, 1.0540626049041748, 1.541813850402832, 0.8909936547279358]",0.15384615384615385,0.05,0.4166666666666667
53,heart-statlog,4,conditional_only,DBNC-Conditional-Only,True,8.845271110534668,"[0.32993581891059875, 0.370593786239624, 2.4140236377716064, 0.0, 0.6491178870201111, 0.5193866491317749, 1.1315714120864868, 0.5421559810638428, 0.03290805593132973, 0.5933243036270142, 0.6884742379188538, 1.193389654159546, 0.38038942217826843]",0.23076923076923078,0.05,0.3974358974358974
53,heart-statlog,1,conditional_only,DBNC-Conditional-Only,True,10.092287063598633,"[0.6258741021156311, 1.2553415298461914, 0.0, 0.8597850799560547, 1.3289130926132202, 0.1342136561870575, 0.6307260394096375, 0.8775581121444702, 0.19594994187355042, 1.205108880996704, 0.4466063380241394, 0.32331907749176025, 2.208890914916992]",0.3076923076923077,0.05,0.4551282051282051
53,heart-statlog,2,conditional_only,DBNC-Conditional-Only,True,9.086311340332031,"[0.23473016917705536, 1.6436439752578735, 0.26142364740371704, 0.06559664756059647, 1.1574398279190063, 0.9331938028335571, 0.03768004849553108, 0.6197285652160645, 1.7888283729553223, 1.6107134819030762, 0.0, 0.6776231527328491, 0.05570986494421959]",0.23076923076923078,0.05,0.4230769230769231
53,heart-statlog,0,conditional_only,DBNC-Conditional-Only,True,8.881416320800781,"[0.08499454706907272, 0.769065260887146, 0.2170698344707489, 0.7960392236709595, 0.7746325731277466, 1.2385599613189697, 1.1345545053482056, 1.4274927377700806, 0.4112245440483093, 0.5052431225776672, 0.0, 0.24704283475875854, 1.2754981517791748]",0.3076923076923077,0.05,0.42948717948717946
56,vote,3,loss_w_025,DBNC-loss-w-025,True,16.956459045410156,"[2.79471755027771, 0.7341476678848267, 0.6200152039527893, 2.133028030395508, 0.23644936084747314, 0.0, 0.20426645874977112, 2.530719757080078, 0.03570657595992088, 1.1573896408081055, 1.2886022329330444, 1.9841172695159912, 0.5961164236068726, 0.22608643770217896, 0.1933770626783371, 2.221721887588501]",0.4375,0.05,0.44166666666666665
56,vote,4,loss_w_025,DBNC-loss-w-025,True,15.833341598510742,"[2.5018935203552246, 1.3534923791885376, 0.26121073961257935, 0.9431096911430359, 0.2908218204975128, 1.532966136932373, 0.09434430301189423, 0.9302838444709778, 1.503890872001648, 1.073026180267334, 1.9200325012207031, 0.9147896766662598, 0.23596689105033875, 1.0170631408691406, 1.2604504823684692, 0.0]",0.25,0.05,0.4083333333333333
56,vote,1,loss_w_025,DBNC-loss-w-025,True,14.306952476501465,"[2.2152116298675537, 0.0757603570818901, 1.9521697759628296, 0.0, 1.0142945051193237, 0.9068389534950256, 0.691027045249939, 0.9318880438804626, 0.20055674016475677, 1.0295913219451904, 0.7485096454620361, 0.8695087432861328, 1.4358516931533813, 1.4484097957611084, 0.7211322784423828, 0.06620166450738907]",0.25,0.05,0.4
56,vote,2,loss_w_025,DBNC-loss-w-025,True,17.227508544921875,"[1.6912280321121216, 1.9343476295471191, 0.0, 0.33300989866256714, 0.3680681586265564, 0.17827612161636353, 0.3489881455898285, 2.9056901931762695, 2.73688006401062, 1.0424764156341553, 1.091003656387329, 0.4491156339645386, 1.1492795944213867, 0.23571720719337463, 0.5061969757080078, 2.257232427597046]",0.3125,0.05,0.44583333333333336
56,vote,0,loss_w_025,DBNC-loss-w-025,True,17.986289978027344,"[1.0011941194534302, 0.0, 2.4635534286499023, 1.4575811624526978, 2.58992600440979, 0.14247331023216248, 3.253230333328247, 0.4835955798625946, 1.4434492588043213, 0.10716774314641953, 1.0212985277175903, 0.7358365058898926, 1.2306421995162964, 0.5488560199737549, 1.3871208429336548, 0.12036458402872086]",0.375,0.05,0.43333333333333335
15,breast-w,3,loss_w_025,DBNC-loss-w-025,True,1.2477543354034424,"[0.054409101605415344, 0.11032749712467194, 0.07560542225837708, 0.08191092312335968, 0.0, 0.21158337593078613, 0.4924550950527191, 0.08303511142730713, 0.1384277492761612]",0.0,0.05,0.16666666666666666
15,breast-w,4,loss_w_025,DBNC-loss-w-025,True,1.323270320892334,"[0.07182811200618744, 0.08613193035125732, 0.2622016668319702, 0.15023015439510345, 0.4222498834133148, 0.09652699530124664, 0.05104958638548851, 0.1830519735813141, 0.0]",0.0,0.05,0.1527777777777778
15,breast-w,1,loss_w_025,DBNC-loss-w-025,True,1.7740869522094727,"[0.4851382076740265, 0.0, 0.1822419911623001, 0.06564651429653168, 0.2809101343154907, 0.28782838582992554, 0.10711958259344101, 0.18259157240390778, 0.18261058628559113]",0.0,0.05,0.2222222222222222
15,breast-w,2,loss_w_025,DBNC-loss-w-025,True,1.1932470798492432,"[0.09516207873821259, 0.05965517833828926, 0.1308109164237976, 0.1360485553741455, 0.3418049216270447, 0.05155818164348602, 0.17076291143894196, 0.20744431018829346, 0.0]",0.0,0.05,0.1388888888888889
15,breast-w,0,loss_w_025,DBNC-loss-w-025,True,1.1420928239822388,"[0.05798819661140442, 0.08096949756145477, 0.0736321285367012, 0.08443193882703781, 0.4000471234321594, 0.0, 0.07921314984560013, 0.28401345014572144, 0.08179733902215958]",0.0,0.05,0.125
23,cmc,3,loss_w_025,DBNC-loss-w-025,True,2.122370719909668,"[0.34234732389450073, 0.7917550206184387, 0.1825057566165924, 0.15143294632434845, 0.16542744636535645, 0.17008446156978607, 0.17680200934410095, 0.14201565086841583, 0.0]",0.0,0.05,0.20833333333333334
23,cmc,4,loss_w_025,DBNC-loss-w-025,True,1.9429411888122559,"[0.1750687062740326, 0.12817645072937012, 0.13246405124664307, 0.15281501412391663, 0.958497941493988, 0.13008004426956177, 0.1265154778957367, 0.13932333886623383, 0.0]",0.0,0.05,0.20833333333333334
23,cmc,1,loss_w_025,DBNC-loss-w-025,True,2.309948444366455,"[0.20991945266723633, 0.2576189935207367, 0.746217668056488, 0.11571164429187775, 0.24397456645965576, 0.23705396056175232, 0.24725686013698578, 0.2521955370903015, 0.0]",0.0,0.05,0.2916666666666667
23,cmc,2,loss_w_025,DBNC-loss-w-025,True,3.649392604827881,"[0.6409099698066711, 0.05787842720746994, 1.0697065591812134, 0.3712998032569885, 0.36717504262924194, 0.38627663254737854, 0.0, 0.36729127168655396, 0.3888548016548157]",0.0,0.05,0.3194444444444444
23,cmc,0,loss_w_025,DBNC-loss-w-025,True,2.913645029067993,"[0.5179178714752197, 0.35216036438941956, 0.35688257217407227, 0.0, 0.13069097697734833, 0.401849627494812, 0.43929266929626465, 0.340811550617218, 0.37403932213783264]",0.0,0.05,0.20833333333333334
37,diabetes,3,loss_w_025,DBNC-loss-w-025,True,5.307102680206299,"[0.914883017539978, 0.0, 1.3688143491744995, 0.6718366146087646, 0.4326357841491699, 0.1107318177819252, 1.5954359769821167, 0.21276512742042542]",0.25,0.05,0.5
37,diabetes,4,loss_w_025,DBNC-loss-w-025,True,4.43115758895874,"[1.3352999687194824, 0.03349340707063675, 0.25450095534324646, 0.48729339241981506, 0.38047438859939575, 0.48516517877578735, 0.0, 1.454930305480957]",0.25,0.05,0.4107142857142857
37,diabetes,1,loss_w_025,DBNC-loss-w-025,True,4.283822059631348,"[1.1838442087173462, 1.0276856422424316, 0.4445905387401581, 0.3538963794708252, 0.34198084473609924, 0.0, 0.7378694415092468, 0.1939549446105957]",0.25,0.05,0.42857142857142855
37,diabetes,2,loss_w_025,DBNC-loss-w-025,True,5.141037464141846,"[1.5896540880203247, 0.21820273995399475, 0.543884813785553, 0.8353460431098938, 0.7163336277008057, 1.0673450231552124, 0.0, 0.17027129232883453]",0.25,0.05,0.4642857142857143
37,diabetes,0,loss_w_025,DBNC-loss-w-025,True,5.222777843475342,"[1.2701879739761353, 1.824603796005249, 0.19718632102012634, 0.4765833616256714, 0.12345314025878906, 0.8728479743003845, 0.0, 0.45791518688201904]",0.25,0.05,0.48214285714285715
53,heart-statlog,3,loss_w_025,DBNC-loss-w-025,True,10.023611068725586,"[0.515457034111023, 0.1338164210319519, 0.11019227653741837, 0.9787875413894653, 0.9290289282798767, 0.9805541038513184, 0.10322239995002747, 2.075650930404663, 0.6158815026283264, 0.0, 0.9380059838294983, 1.6704509258270264, 0.9725627899169922]",0.15384615384615385,0.05,0.4166666666666667
53,heart-statlog,4,loss_w_025,DBNC-loss-w-025,True,9.040496826171875,"[0.3339289724826813, 0.4233989417552948, 2.5313596725463867, 0.0, 0.5184603333473206, 0.5373851656913757, 1.1069451570510864, 0.595970630645752, 0.05488528311252594, 0.44633567333221436, 1.0583806037902832, 1.0249086618423462, 0.4085376262664795]",0.3076923076923077,0.05,0.3782051282051282
53,heart-statlog,1,loss_w_025,DBNC-loss-w-025,True,10.0537109375,"[0.6704365015029907, 1.1861672401428223, 0.0, 0.9188860058784485, 1.3590983152389526, 0.13710270822048187, 0.6032735109329224, 0.9562162160873413, 0.22241170704364777, 1.3455674648284912, 0.34057891368865967, 0.231782928109169, 2.0821895599365234]",0.3076923076923077,0.05,0.4423076923076923
53,heart-statlog,2,loss_w_025,DBNC-loss-w-025,True,9.388934135437012,"[0.19500350952148438, 1.7130682468414307, 0.38506993651390076, 0.12275257706642151, 1.1668848991394043, 0.9250404834747314, 0.03500626981258392, 0.5765112042427063, 1.8582299947738647, 1.6617437601089478, 0.0, 0.6988129615783691, 0.05081036686897278]",0.3076923076923077,0.05,0.42948717948717946
53,heart-statlog,0,loss_w_025,DBNC-loss-w-025,True,9.112253189086914,"[0.12806686758995056, 0.788578450679779, 0.14835308492183685, 0.7280904054641724, 0.794175386428833, 1.3597129583358765, 1.2295302152633667, 1.4037222862243652, 0.4155251979827881, 0.537321925163269, 0.0, 0.12906387448310852, 1.4501123428344727]",0.3076923076923077,0.05,0.41025641025641024
56,vote,3,full,DBNC-Full,True,17.00458335876465,"[2.686814308166504, 0.792918860912323, 0.9835261106491089, 2.3260271549224854, 0.18077930808067322, 0.0, 0.4010380208492279, 2.380556106567383, 0.027480347082018852, 1.2236424684524536, 1.430790901184082, 1.8848507404327393, 0.39707356691360474, 0.1607978641986847, 0.10799403488636017, 2.0202934741973877]",0.4375,0.05,0.45416666666666666
56,vote,4,full,DBNC-Full,True,14.462993621826172,"[2.1021153926849365, 1.3699406385421753, 0.2250881940126419, 0.8005664348602295, 0.007742983289062977, 1.3796401023864746, 0.05527184158563614, 0.7929930686950684, 1.428297519683838, 1.1842358112335205, 1.4742053747177124, 0.962448239326477, 0.2631048262119293, 0.8371384739875793, 1.5802042484283447, 0.0]",0.375,0.05,0.3958333333333333
56,vote,1,full,DBNC-Full,True,14.275690078735352,"[1.8556642532348633, 0.11676546931266785, 1.4574666023254395, 0.0, 1.0588442087173462, 1.2249290943145752, 0.6779747009277344, 0.9044020175933838, 0.20918244123458862, 1.171645164489746, 0.727483332157135, 0.753820538520813, 1.6557722091674805, 1.689713478088379, 0.6871002316474915, 0.08492650836706161]",0.375,0.05,0.4125
56,vote,2,full,DBNC-Full,True,17.130802154541016,"[1.5775415897369385, 1.7332559823989868, 0.0, 0.5110013484954834, 0.44484204053878784, 0.15151390433311462, 0.4445553421974182, 2.8789215087890625, 2.5139942169189453, 1.0246535539627075, 1.1572679281234741, 0.5535991191864014, 1.1189182996749878, 0.24599452316761017, 0.6436864733695984, 2.131056070327759]",0.3125,0.05,0.45
56,vote,0,full,DBNC-Full,True,15.938124656677246,"[0.9630556106567383, 0.0, 2.1774001121520996, 1.339065432548523, 2.3133950233459473, 0.07713200151920319, 2.787093162536621, 0.3632967472076416, 1.1809099912643433, 0.056229040026664734, 1.141061544418335, 0.6809780597686768, 1.1499361991882324, 0.3636406660079956, 1.3093152046203613, 0.03561585396528244]",0.25,0.05,0.43333333333333335
15,breast-w,3,full,DBNC-Full,True,1.494140863418579,"[0.020340031012892723, 0.14995943009853363, 0.08828586339950562, 0.1311814785003662, 0.0, 0.2864266335964203, 0.4870409667491913, 0.13608501851558685, 0.1948213428258896]",0.0,0.05,0.20833333333333334
15,breast-w,4,full,DBNC-Full,True,1.4885447025299072,"[0.08422499150037766, 0.10666175186634064, 0.30741405487060547, 0.18815575540065765, 0.4725821018218994, 0.09494251757860184, 0.029622893780469894, 0.2049405574798584, 0.0]",0.0,0.05,0.18055555555555555
15,breast-w,1,full,DBNC-Full,True,1.736015796661377,"[0.4255772531032562, 0.0, 0.2005530744791031, 0.034262433648109436, 0.26806139945983887, 0.2378639429807663, 0.1769556701183319, 0.17093954980373383, 0.2218024730682373]",0.0,0.05,0.19444444444444445
15,breast-w,2,full,DBNC-Full,True,1.62105393409729,"[0.21890753507614136, 0.07893744856119156, 0.2519940733909607, 0.2196694016456604, 0.3531034588813782, 0.019361356273293495, 0.2809864282608032, 0.19809415936470032, 0.0]",0.0,0.05,0.2361111111111111
15,breast-w,0,full,DBNC-Full,True,1.5063122510910034,"[0.11150358617305756, 0.15478667616844177, 0.12437325716018677, 0.15643300116062164, 0.3817412257194519, 0.0, 0.24408301711082458, 0.30307552218437195, 0.030315980315208435]",0.0,0.05,0.16666666666666666
23,cmc,3,full,DBNC-Full,True,2.6112418174743652,"[0.5026378631591797, 0.8901000618934631, 0.25929951667785645, 0.29745328426361084, 0.14063461124897003, 0.16693250834941864, 0.2187734991312027, 0.13541026413440704, 0.0]",0.0,0.05,0.2638888888888889
23,cmc,4,full,DBNC-Full,True,1.8656020164489746,"[0.13641083240509033, 0.12479112297296524, 0.12727773189544678, 0.15512846410274506, 0.9475193023681641, 0.12168236076831818, 0.12087313830852509, 0.13191913068294525, 0.0]",0.0,0.05,0.20833333333333334
23,cmc,1,full,DBNC-Full,True,2.4252114295959473,"[0.28514182567596436, 0.2130424678325653, 0.8915218114852905, 0.1302182972431183, 0.2497219741344452, 0.24969670176506042, 0.2032826542854309, 0.20258575677871704, 0.0]",0.0,0.05,0.2222222222222222
23,cmc,2,full,DBNC-Full,True,3.8284354209899902,"[0.7229006290435791, 0.0864575132727623, 1.0612655878067017, 0.42744386196136475, 0.36349743604660034, 0.3892074525356293, 0.0, 0.38936319947242737, 0.38829997181892395]",0.0,0.05,0.3611111111111111
23,cmc,0,full,DBNC-Full,True,2.773331880569458,"[0.5050249695777893, 0.32770752906799316, 0.3632802665233612, 0.0, 0.11056727170944214, 0.35954350233078003, 0.3676644265651703, 0.3755165934562683, 0.3640272617340088]",0.0,0.05,0.20833333333333334
37,diabetes,3,full,DBNC-Full,True,5.3371429443359375,"[0.9426976442337036, 0.0, 1.3853052854537964, 0.6745540499687195, 0.470708429813385, 0.09485220909118652, 1.5686767101287842, 0.20034897327423096]",0.25,0.05,0.5
37,diabetes,4,full,DBNC-Full,True,4.483500957489014,"[1.3566926717758179, 0.04231290891766548, 0.24228042364120483, 0.529259204864502, 0.399550199508667, 0.45323923230171204, 0.0, 1.4601664543151855]",0.25,0.05,0.4107142857142857
37,diabetes,1,full,DBNC-Full,True,5.199113845825195,"[1.4024635553359985, 1.2331156730651855, 0.47247880697250366, 0.4621475338935852, 0.525400698184967, 0.0, 0.9165087938308716, 0.18699872493743896]",0.25,0.05,0.42857142857142855
37,diabetes,2,full,DBNC-Full,True,5.118021011352539,"[1.6100658178329468, 0.23078826069831848, 0.5354554653167725, 0.8310589790344238, 0.721666693687439, 1.0327579975128174, 0.0, 0.15622805058956146]",0.25,0.05,0.48214285714285715
37,diabetes,0,full,DBNC-Full,True,4.690307140350342,"[1.2023553848266602, 1.7161465883255005, 0.1451457291841507, 0.42806002497673035, 0.05557485669851303, 0.750967800617218, 0.0, 0.39205682277679443]",0.25,0.05,0.48214285714285715
53,heart-statlog,3,full,DBNC-Full,True,9.899569511413574,"[0.5295249223709106, 0.13736256957054138, 0.07125871628522873, 1.0055599212646484, 0.8899694681167603, 0.9567170143127441, 0.15548650920391083, 2.0144202709198, 0.652400016784668, 0.0, 1.0540626049041748, 1.541813850402832, 0.8909936547279358]",0.15384615384615385,0.05,0.4166666666666667
53,heart-statlog,4,full,DBNC-Full,True,8.845271110534668,"[0.32993581891059875, 0.370593786239624, 2.4140236377716064, 0.0, 0.6491178870201111, 0.5193866491317749, 1.1315714120864868, 0.5421559810638428, 0.03290805593132973, 0.5933243036270142, 0.6884742379188538, 1.193389654159546, 0.38038942217826843]",0.23076923076923078,0.05,0.3974358974358974
53,heart-statlog,1,full,DBNC-Full,True,10.092287063598633,"[0.6258741021156311, 1.2553415298461914, 0.0, 0.8597850799560547, 1.3289130926132202, 0.1342136561870575, 0.6307260394096375, 0.8775581121444702, 0.19594994187355042, 1.205108880996704, 0.4466063380241394, 0.32331907749176025, 2.208890914916992]",0.3076923076923077,0.05,0.4551282051282051
53,heart-statlog,2,full,DBNC-Full,True,9.086311340332031,"[0.23473016917705536, 1.6436439752578735, 0.26142364740371704, 0.06559664756059647, 1.1574398279190063, 0.9331938028335571, 0.03768004849553108, 0.6197285652160645, 1.7888283729553223, 1.6107134819030762, 0.0, 0.6776231527328491, 0.05570986494421959]",0.23076923076923078,0.05,0.4230769230769231
53,heart-statlog,0,full,DBNC-Full,True,8.881416320800781,"[0.08499454706907272, 0.769065260887146, 0.2170698344707489, 0.7960392236709595, 0.7746325731277466, 1.2385599613189697, 1.1345545053482056, 1.4274927377700806, 0.4112245440483093, 0.5052431225776672, 0.0, 0.24704283475875854, 1.2754981517791748]",0.3076923076923077,0.05,0.42948717948717946
