dataset_id,seed,variant,acyclic,edge_mass,incoming_edge_mass,parent_limit_violation_rate,threshold,thresholded_edge_density
46929,3,full,True,7.946816444396973,"[1.4896796941757202, 0.4410271942615509, 0.3175225257873535, 1.4763879776000977, 0.0, 0.6876550316810608, 1.6751116514205933, 0.1734379380941391, 0.96568363904953, 0.7203108072280884]",0.5,0.05,0.43333333333333335
46929,4,full,True,8.077152252197266,"[0.4082948565483093, 2.156830310821533, 0.13591958582401276, 1.4406262636184692, 1.8899928331375122, 0.0, 0.6935251355171204, 0.4432116448879242, 0.5254915952682495, 0.3832598626613617]",0.5,0.05,0.4444444444444444
46929,1,full,True,9.880009651184082,"[0.1845465451478958, 2.0435237884521484, 0.9789276123046875, 0.0, 0.5770950317382812, 2.9838643074035645, 0.8432741761207581, 0.8901936411857605, 0.5895363092422485, 0.7890481948852539]",0.6,0.05,0.4444444444444444
46929,2,full,True,8.112537384033203,"[0.10886382311582565, 2.2868738174438477, 0.6569275856018066, 0.9543004035949707, 0.18765318393707275, 1.5928328037261963, 0.9225744009017944, 0.5366060137748718, 0.0, 0.8659051060676575]",0.6,0.05,0.43333333333333335
46929,0,full,True,8.936695098876953,"[1.0112491846084595, 1.3428611755371094, 0.0, 0.6183605790138245, 0.6648691892623901, 0.05597233027219772, 1.0285214185714722, 2.385733127593994, 1.6122959852218628, 0.21683192253112793]",0.6,0.05,0.4666666666666667
182,3,full,True,119.37362670898438,"[3.438601016998291, 4.331832408905029, 5.155788898468018, 3.075923204421997, 1.262272596359253, 1.2104047536849976, 5.84632682800293, 5.761595249176025, 2.786379337310791, 1.9458481073379517, 4.174343585968018, 0.07229382544755936, 0.48533177375793457, 5.792253017425537, 5.924716949462891, 1.6975367069244385, 4.4758501052856445, 2.081127166748047, 0.19007608294487, 5.013975620269775, 5.816956043243408, 0.0, 1.311848759651184, 7.1896467208862305, 5.614550590515137, 5.6077046394348145, 1.09495210647583, 0.38007086515426636, 1.1936242580413818, 2.0842864513397217, 2.1543095111846924, 5.733541488647461, 5.46717643737793, 0.6912829875946045, 4.54256010055542, 5.76863956451416]",0.8333333333333334,0.05,0.43492063492063493
182,4,full,True,115.25641632080078,"[1.5371249914169312, 4.647392272949219, 3.2160043716430664, 0.1052272692322731, 2.727693557739258, 6.313579082489014, 0.6666721701622009, 3.7152135372161865, 3.8037495613098145, 5.772229194641113, 5.919418811798096, 1.8806571960449219, 3.826047420501709, 0.0, 3.763045072555542, 1.3728766441345215, 1.8585541248321533, 2.192362070083618, 0.18452268838882446, 0.6767680048942566, 3.90640926361084, 6.30955696105957, 5.945075035095215, 3.596641778945923, 3.148172616958618, 3.803072929382324, 2.3536360263824463, 1.3405234813690186, 6.345639705657959, 3.531566619873047, 2.9463491439819336, 0.5302658677101135, 0.855959415435791, 6.09710693359375, 5.926673412322998, 4.440634727478027]",0.8055555555555556,0.05,0.42936507936507934
182,1,full,True,124.41423797607422,"[2.0856189727783203, 9.331127166748047, 0.9921890497207642, 7.114080905914307, 1.1911205053329468, 6.2686567306518555, 8.565296173095703, 0.5016028881072998, 5.426239013671875, 6.766580104827881, 1.3320459127426147, 1.0945019721984863, 1.5449433326721191, 4.926351070404053, 0.9120917320251465, 0.0, 1.8772083520889282, 1.0378624200820923, 0.9686900973320007, 0.5652684569358826, 0.1632993370294571, 0.6155514717102051, 1.2273929119110107, 6.720616817474365, 1.274655818939209, 0.9531943798065186, 5.46594762802124, 5.016092777252197, 4.954080104827881, 6.807140350341797, 0.9181304574012756, 6.98860502243042, 3.8862380981445312, 0.48318904638290405, 9.802099227905273, 6.636531352996826]",0.8333333333333334,0.05,0.4166666666666667
182,2,full,True,115.1063232421875,"[2.2620906829833984, 6.7606658935546875, 0.4972575008869171, 5.959225177764893, 5.2711591720581055, 3.124046564102173, 6.302174091339111, 0.9699521660804749, 6.635068416595459, 5.444522380828857, 1.4523684978485107, 7.632651329040527, 2.197805881500244, 6.141199588775635, 0.0, 3.1153273582458496, 3.4970688819885254, 1.2067480087280273, 2.0566678047180176, 1.630082607269287, 6.475685119628906, 0.4803343415260315, 6.014256000518799, 3.239790439605713, 3.203868865966797, 5.976444721221924, 1.6592153310775757, 0.43890470266342163, 3.3857126235961914, 0.21952739357948303, 1.5921424627304077, 3.1486423015594482, 3.3289084434509277, 1.9089813232421875, 0.0639684647321701, 1.8138569593429565]",0.8333333333333334,0.05,0.4388888888888889
182,0,full,True,123.4313735961914,"[3.517338752746582, 3.476591110229492, 6.010763645172119, 2.0781610012054443, 1.843427062034607, 0.5942487120628357, 0.7827572226524353, 3.56489634513855, 0.05880453810095787, 3.157548666000366, 3.4316537380218506, 3.3671398162841797, 4.274378776550293, 2.720228910446167, 6.434542655944824, 2.60555362701416, 6.5358099937438965, 6.644237518310547, 6.439855098724365, 3.626596212387085, 6.346714496612549, 6.483941078186035, 0.34481364488601685, 1.164659857749939, 5.7899556159973145, 6.150506973266602, 0.611907958984375, 4.364799976348877, 0.7042665481567383, 6.813802719116211, 1.0330686569213867, 1.0474951267242432, 5.039580345153809, 2.8073794841766357, 0.0, 3.5639407634735107]",0.8055555555555556,0.05,0.43492063492063493
1590,3,full,True,27.36947250366211,"[3.2630276679992676, 5.009286403656006, 2.537576675415039, 1.8009111881256104, 1.5258595943450928, 0.8222701549530029, 0.0, 0.2021252065896988, 1.2387970685958862, 0.6059377193450928, 2.579796314239502, 2.922513246536255, 3.6204962730407715, 1.2408733367919922]",0.5714285714285714,0.05,0.4835164835164835
1590,4,full,True,23.940580368041992,"[1.2633872032165527, 2.751537561416626, 2.0900752544403076, 0.6600115299224854, 0.8937367796897888, 0.28808867931365967, 0.6433780193328857, 2.7829880714416504, 0.6350817084312439, 1.0458741188049316, 2.804830312728882, 2.5283219814300537, 5.55327033996582, 0.0]",0.5,0.05,0.43956043956043955
1590,1,full,True,24.568326950073242,"[1.6628596782684326, 1.1211254596710205, 1.6614872217178345, 1.6593151092529297, 4.169079780578613, 1.2537833452224731, 2.9616541862487793, 0.5132399201393127, 2.909390449523926, 0.2888052761554718, 0.8984498977661133, 3.6768946647644043, 0.0, 1.7922426462173462]",0.5714285714285714,0.05,0.45604395604395603
1590,2,full,True,23.06884002685547,"[1.1802887916564941, 3.4780466556549072, 1.6018457412719727, 1.661233901977539, 2.3721630573272705, 3.2146966457366943, 0.855894923210144, 1.1688045263290405, 2.4209558963775635, 0.4557483494281769, 4.090808391571045, 0.35374200344085693, 0.21461106836795807, 0.0]",0.5,0.05,0.47802197802197804
1590,0,full,True,22.106590270996094,"[1.6694523096084595, 0.3301694989204407, 0.865886926651001, 0.8879090547561646, 0.302120178937912, 0.5890458822250366, 1.6213889122009277, 3.042483329772949, 3.670135736465454, 0.7490075826644897, 0.9593102931976318, 4.949691295623779, 2.4699888229370117, 0.0]",0.42857142857142855,0.05,0.46703296703296704
1461,3,full,True,11.2648286819458,"[0.34417062997817993, 0.33182352781295776, 0.05873765051364899, 1.2601709365844727, 1.5522511005401611, 0.35054007172584534, 1.8568339347839355, 1.5864362716674805, 0.3063909411430359, 0.4825378358364105, 0.13147848844528198, 0.9120082855224609, 0.0, 0.3493361473083496, 0.6254256963729858, 1.116686463356018]",0.375,0.05,0.3875
1461,4,full,True,8.464143753051758,"[0.22643087804317474, 0.5073618292808533, 0.13326546549797058, 0.5458459854125977, 0.27011576294898987, 0.2539075016975403, 0.0972726121544838, 0.18518683314323425, 0.4288419485092163, 0.6481097936630249, 1.2064299583435059, 1.917716145515442, 0.91343092918396, 0.779352068901062, 0.0, 0.3508753478527069]",0.1875,0.05,0.29583333333333334
1461,1,full,True,9.425979614257812,"[0.19523054361343384, 0.29728007316589355, 1.0863664150238037, 0.0, 0.8987884521484375, 0.9771786332130432, 0.5796338319778442, 0.210779070854187, 0.9660658240318298, 1.0957425832748413, 0.6276634335517883, 0.34522363543510437, 0.08883126080036163, 1.579639196395874, 0.051434408873319626, 0.42612224817276]",0.25,0.05,0.3541666666666667
1461,2,full,True,9.093727111816406,"[1.2196682691574097, 0.2187739908695221, 0.23331540822982788, 0.18056437373161316, 0.45904818177223206, 0.9873908162117004, 0.8417242169380188, 0.23659063875675201, 0.8039509057998657, 0.8139381408691406, 0.42999011278152466, 0.055211953818798065, 2.083724021911621, 0.0, 0.1555236428976059, 0.3743129372596741]",0.3125,0.05,0.3458333333333333
1461,0,full,True,11.608258247375488,"[0.014116264879703522, 0.9112142324447632, 0.2926788330078125, 0.3402716815471649, 0.7479777932167053, 0.1424407958984375, 2.0779683589935303, 0.0, 0.13844937086105347, 0.3603937029838562, 1.37368643283844, 1.5542558431625366, 0.4593897759914398, 0.2617480158805847, 1.0187394618988037, 1.9149271249771118]",0.3125,0.05,0.37083333333333335
4534,3,full,True,57.17924499511719,"[2.293801784515381, 0.29655683040618896, 3.104107618331909, 2.1806187629699707, 1.7911564111709595, 0.17993372678756714, 4.778436183929443, 3.637516975402832, 0.768761932849884, 3.6849913597106934, 1.4367287158966064, 2.343017816543579, 1.0824527740478516, 0.6300927400588989, 1.006803035736084, 0.006341352593153715, 1.393984317779541, 4.143876552581787, 3.1671955585479736, 2.914227247238159, 3.8441882133483887, 0.9679751992225647, 0.04478739574551582, 1.236830711364746, 0.0, 4.457342147827148, 1.460986614227295, 1.5841281414031982, 1.9944183826446533, 0.7479860782623291]",0.6333333333333333,0.05,0.4471264367816092
4534,4,full,True,50.383033752441406,"[0.0, 2.3887970447540283, 1.9774301052093506, 0.8743078708648682, 0.789222776889801, 0.6986638903617859, 2.3506858348846436, 0.43462467193603516, 2.1837189197540283, 0.3120647370815277, 2.635221004486084, 2.5786075592041016, 1.2562881708145142, 1.0926421880722046, 2.8495328426361084, 4.656918525695801, 0.002914968179538846, 0.6479330658912659, 0.8402064442634583, 0.18698999285697937, 4.735549449920654, 2.7688629627227783, 2.11375093460083, 1.4170609712600708, 1.179491400718689, 0.11671217530965805, 0.5295188426971436, 1.5883160829544067, 4.179525375366211, 2.997471570968628]",0.5666666666666667,0.05,0.4160919540229885
4534,1,full,True,51.59184265136719,"[1.6394487619400024, 1.2592326402664185, 2.0458035469055176, 3.841738700866699, 2.1472742557525635, 0.33847543597221375, 1.3630595207214355, 2.4575607776641846, 0.48023396730422974, 0.28034961223602295, 4.049062252044678, 2.051046371459961, 5.618842601776123, 0.8490526676177979, 0.4673634469509125, 1.1010339260101318, 0.9735441207885742, 1.3000131845474243, 2.6164968013763428, 2.915837526321411, 0.4561772048473358, 0.0, 2.4252567291259766, 2.898817777633667, 1.2249140739440918, 0.19170919060707092, 1.3043004274368286, 3.3644986152648926, 1.872435450553894, 0.05826488509774208]",0.6666666666666666,0.05,0.4218390804597701
4534,2,full,True,55.22930908203125,"[2.6574814319610596, 1.984464406967163, 0.4347687363624573, 0.0, 3.170963764190674, 0.7299603819847107, 4.227529048919678, 0.6734421253204346, 5.227956771850586, 0.9943893551826477, 2.188492774963379, 0.7547003626823425, 3.8673126697540283, 0.8717076182365417, 0.7622973918914795, 0.22054383158683777, 3.724104642868042, 2.782578945159912, 2.5348284244537354, 1.1984504461288452, 1.800439715385437, 0.7094593644142151, 4.298281192779541, 0.07891207933425903, 1.225954532623291, 0.4188494086265564, 3.0986974239349365, 2.053265333175659, 1.93401300907135, 0.6054585576057434]",0.5333333333333333,0.05,0.4298850574712644
4534,0,full,True,58.76719665527344,"[4.836606979370117, 0.0, 1.1551177501678467, 0.43782803416252136, 0.15561053156852722, 1.9556642770767212, 1.420475959777832, 1.119823694229126, 3.5095012187957764, 0.324105829000473, 1.3179526329040527, 2.4680094718933105, 0.4435676336288452, 3.4109222888946533, 0.9541053771972656, 3.1916236877441406, 2.639052152633667, 0.6780686974525452, 2.3750159740448, 2.424691677093506, 2.8204591274261475, 0.24130980670452118, 2.944998264312744, 2.3390746116638184, 0.4703841805458069, 4.638815879821777, 1.2004057168960571, 0.09623412787914276, 4.449305534362793, 4.748461723327637]",0.7,0.05,0.4482758620689655
40685,3,full,True,1.5427751541137695,"[0.47283703088760376, 0.19597876071929932, 0.07842477411031723, 0.07909119129180908, 0.2017548680305481, 0.1365196704864502, 0.028713077306747437, 0.3494557738304138, 0.0]",0.1111111111111111,0.05,0.16666666666666666
40685,4,full,True,2.0398221015930176,"[0.4007083475589752, 0.2142193764448166, 0.14878709614276886, 0.11963818967342377, 0.35489270091056824, 0.17332574725151062, 0.5946429371833801, 0.0, 0.033607590943574905]",0.1111111111111111,0.05,0.19444444444444445
40685,1,full,True,1.9745432138442993,"[0.6069746017456055, 0.0, 0.006485362537205219, 0.1200861930847168, 0.0850784182548523, 0.2757841646671295, 0.21056504547595978, 0.20904766023159027, 0.4605218470096588]",0.2222222222222222,0.05,0.25
40685,2,full,True,1.3971083164215088,"[0.3494909107685089, 0.14040738344192505, 0.0, 0.07356702536344528, 0.24940705299377441, 0.10684722661972046, 0.15631332993507385, 0.29066675901412964, 0.030408598482608795]",0.0,0.05,0.16666666666666666
40685,0,full,True,1.6520538330078125,"[0.27573132514953613, 0.15941573679447174, 0.10902607440948486, 0.06200224161148071, 0.5029982924461365, 0.2244369089603424, 0.28030458092689514, 0.03813859447836876, 0.0]",0.0,0.05,0.16666666666666666
1510,3,full,True,13.894729614257812,"[0.6267801523208618, 0.5130817294120789, 0.6119399666786194, 0.481166273355484, 0.5107976198196411, 0.5621238946914673, 0.5569426417350769, 0.571817934513092, 0.45786425471305847, 0.5502373576164246, 0.46379584074020386, 0.49275851249694824, 0.009527124464511871, 0.5498907566070557, 0.4731476306915283, 1.3182653188705444, 0.4929906129837036, 0.44132867455482483, 0.0, 0.4981131851673126, 0.4579847753047943, 0.09479265660047531, 0.5535838603973389, 0.6086750626564026, 0.5076682567596436, 0.44752517342567444, 0.5057876706123352, 0.00351021159440279, 0.07809172570705414, 0.4545412063598633]",0.0,0.05,0.14367816091954022
1510,4,full,True,17.659685134887695,"[0.8320351839065552, 0.7304927110671997, 0.8479797840118408, 1.2528183460235596, 0.10310107469558716, 0.8046267628669739, 0.7941517233848572, 0.6470350623130798, 0.6557931303977966, 0.5925530791282654, 0.6970238089561462, 0.5679739117622375, 0.01114946324378252, 1.1994553804397583, 0.5883243083953857, 0.6469230651855469, 0.11085648834705353, 0.06631843745708466, 0.11721388250589371, 0.5882976055145264, 0.6794229745864868, 0.0, 0.830514132976532, 0.6013972759246826, 0.6183832883834839, 0.7788524031639099, 0.8267465233802795, 0.0387713722884655, 0.7430553436279297, 0.6884190440177917]",0.0,0.05,0.18620689655172415
1510,1,full,True,7.501921653747559,"[0.07271668314933777, 0.23730021715164185, 0.1925174593925476, 0.17453473806381226, 0.18988192081451416, 0.1946587711572647, 0.20523399114608765, 0.19441556930541992, 0.3072015941143036, 0.19521673023700714, 0.1832013577222824, 0.17843250930309296, 0.16940325498580933, 1.4034976959228516, 0.20699232816696167, 0.43302488327026367, 0.1949775516986847, 0.013776367530226707, 0.15986724197864532, 0.5325099229812622, 0.16892358660697937, 0.180198073387146, 0.17841000854969025, 0.623361349105835, 0.17869451642036438, 0.18177704513072968, 0.18559950590133667, 0.1915838122367859, 0.17401222884655, 0.0]",0.0,0.05,0.07126436781609195
1510,2,full,True,10.328422546386719,"[0.3049522340297699, 0.28679773211479187, 0.29028022289276123, 0.10978160053491592, 0.3089468777179718, 0.36018601059913635, 0.6896997094154358, 0.127609983086586, 0.11135485768318176, 0.3492068648338318, 0.2365526556968689, 0.29817306995391846, 0.028466789051890373, 0.29972735047340393, 0.6960555911064148, 0.5176481008529663, 0.31287112832069397, 0.30327969789505005, 0.665124237537384, 0.4046269357204437, 0.2572813332080841, 0.14394937455654144, 0.0, 0.05033455789089203, 0.5439767241477966, 0.33679813146591187, 0.31921303272247314, 0.2462160289287567, 1.5729923248291016, 0.1563190519809723]",0.03333333333333333,0.05,0.07126436781609195
1510,0,full,True,18.783809661865234,"[0.28511279821395874, 0.29190269112586975, 0.010870841331779957, 1.4141868352890015, 0.2801509201526642, 0.8623769283294678, 1.2255001068115234, 0.29782894253730774, 0.04544766619801521, 0.31181150674819946, 1.2631704807281494, 1.1239289045333862, 0.2797580063343048, 0.3017812669277191, 0.288642942905426, 0.27897074818611145, 0.3016682267189026, 0.2974070906639099, 0.3109307885169983, 1.0216985940933228, 0.2950078845024109, 1.2075724601745605, 1.5412182807922363, 1.3204474449157715, 0.9707229733467102, 0.058963365852832794, 1.3812018632888794, 0.2954990863800049, 0.0, 1.2200289964675903]",0.26666666666666666,0.05,0.23563218390804597
6,3,full,True,13.304943084716797,"[0.5000232458114624, 1.4680241346359253, 1.014506220817566, 0.11907325685024261, 0.3923279941082001, 0.26998358964920044, 0.3044171929359436, 1.559765100479126, 2.4857192039489746, 0.6842001676559448, 1.7549281120300293, 0.4309133291244507, 0.02439524605870247, 1.1888647079467773, 1.1078006029129028, 0.0]",0.3125,0.05,0.3958333333333333
6,4,full,True,14.36204719543457,"[0.9823660850524902, 0.5985590815544128, 0.3953072726726532, 0.0, 1.4320497512817383, 0.024415647611021996, 1.000196099281311, 1.4347988367080688, 2.073373794555664, 0.6538338661193848, 0.3396315574645996, 0.1929323971271515, 0.557853102684021, 0.9694474339485168, 2.664452075958252, 1.042830228805542]",0.1875,0.05,0.39166666666666666
6,1,full,True,15.107609748840332,"[0.679713785648346, 0.5387710928916931, 0.25415414571762085, 0.37085360288619995, 0.11811193823814392, 0.38900408148765564, 0.9932066798210144, 1.638000249862671, 1.183026909828186, 1.34308922290802, 0.0, 1.7642343044281006, 1.7390806674957275, 1.276384711265564, 2.791931629180908, 0.028047164902091026]",0.375,0.05,0.3958333333333333
6,2,full,True,14.747282028198242,"[1.0260937213897705, 0.28488874435424805, 0.7577238082885742, 0.018644209951162338, 0.598562479019165, 0.26139646768569946, 0.9323481321334839, 1.475311517715454, 0.5019137859344482, 1.033060073852539, 0.0, 1.3254183530807495, 2.2914891242980957, 0.16291925311088562, 2.8452811241149902, 1.2322319746017456]",0.1875,0.05,0.3875
6,0,full,True,14.309046745300293,"[1.1446583271026611, 0.0, 0.055073902010917664, 0.7321402430534363, 0.22332707047462463, 1.017090916633606, 0.5836700201034546, 0.3122459053993225, 2.010392665863037, 1.0379310846328735, 1.1263418197631836, 2.488787889480591, 0.5184538960456848, 0.9249584078788757, 0.8223628401756287, 1.3116120100021362]",0.125,0.05,0.39166666666666666
260026,3,full,True,1.2095050811767578,"[0.0, 0.0573878176510334, 0.026845719665288925, 0.35619041323661804, 0.11562715470790863, 0.19650308787822723, 0.1799904853105545, 0.2769604027271271]",0.125,0.05,0.25
260026,4,full,True,0.7241522669792175,"[0.04787105694413185, 0.09822546690702438, 0.0, 0.15655109286308289, 0.1424916535615921, 0.10645481199026108, 0.10001162439584732, 0.0725465714931488]",0.0,0.05,0.10714285714285714
260026,1,full,True,1.0796687602996826,"[0.026458268985152245, 0.07578536868095398, 0.2883898615837097, 0.15813304483890533, 0.16089670360088348, 0.0, 0.0892522782087326, 0.28075316548347473]",0.0,0.05,0.10714285714285714
260026,2,full,True,1.2365617752075195,"[0.11633670330047607, 0.14688408374786377, 0.18231728672981262, 0.0, 0.27342110872268677, 0.3600755035877228, 0.033054471015930176, 0.12447265535593033]",0.125,0.05,0.17857142857142858
260026,0,full,True,0.7519935965538025,"[0.11194708943367004, 0.023714600130915642, 0.0887923538684845, 0.12195884436368942, 0.08366397023200989, 0.13725334405899048, 0.0, 0.18466340005397797]",0.0,0.05,0.125
40975,3,full,True,2.4945011138916016,"[0.0, 0.2327951192855835, 0.17333589494228363, 0.7942936420440674, 0.6364007592201233, 0.6576754450798035]",0.0,0.05,0.36666666666666664
40975,4,full,True,3.1523361206054688,"[0.15179094672203064, 1.1687090396881104, 0.8761959075927734, 0.5792041420936584, 0.3764359652996063, 0.0]",0.0,0.05,0.5
40975,1,full,True,2.6040968894958496,"[0.5340325832366943, 0.42981380224227905, 1.1355887651443481, 0.011032778769731522, 0.4936293959617615, 0.0]",0.0,0.05,0.36666666666666664
40975,2,full,True,2.391942262649536,"[0.04299850016832352, 0.6508697867393494, 0.0, 0.17515915632247925, 1.1102440357208252, 0.41267070174217224]",0.0,0.05,0.4666666666666667
40975,0,full,True,2.615516424179077,"[0.682934045791626, 0.6978380680084229, 0.7831645011901855, 0.1035451889038086, 0.34803465008735657, 0.0]",0.0,0.05,0.43333333333333335
44,3,full,True,174.0068817138672,"[4.960186004638672, 1.298109531402588, 0.0, 5.377613544464111, 6.033647060394287, 0.5919305086135864, 1.3264416456222534, 0.6094964742660522, 1.1863946914672852, 5.154122352600098, 0.463002473115921, 3.3802809715270996, 5.9242682456970215, 5.17159366607666, 1.3358253240585327, 7.708643436431885, 5.87673282623291, 5.778914451599121, 2.3716671466827393, 3.109403371810913, 5.867290019989014, 0.3896411061286926, 0.5061883926391602, 6.184814453125, 4.916934013366699, 1.4139947891235352, 1.8514626026153564, 0.5017205476760864, 4.770355701446533, 0.5512604713439941, 4.651463508605957, 0.6758363246917725, 3.023658037185669, 1.536690592765808, 4.989202976226807, 5.7501044273376465, 1.7278203964233398, 0.20440243184566498, 3.377251148223877, 0.1711433231830597, 4.976587295532227, 3.077119827270508, 1.4768643379211426, 0.7268117666244507, 5.382972717285156, 5.9259257316589355, 2.0941498279571533, 1.3623946905136108, 5.423770427703857, 4.409697532653809, 1.8813613653182983, 1.4415407180786133, 1.338758111000061, 1.3791879415512085, 3.6249451637268066, 0.7477944493293762, 8.017488479614258]",0.7719298245614035,0.05,0.4057017543859649
44,4,full,True,183.4230499267578,"[1.2067759037017822, 4.679861068725586, 0.2822535037994385, 2.574040651321411, 3.701603889465332, 0.2740996479988098, 0.3404529094696045, 3.5153558254241943, 5.823639869689941, 6.211074352264404, 3.141298770904541, 6.35698938369751, 3.0307366847991943, 3.1806511878967285, 1.1638120412826538, 1.4336018562316895, 4.81432580947876, 1.1062246561050415, 1.0567550659179688, 0.45935627818107605, 5.759586811065674, 4.571089267730713, 5.230365753173828, 5.076138973236084, 7.974006175994873, 1.0601028203964233, 10.148045539855957, 6.256812572479248, 1.099335789680481, 5.751363277435303, 6.120429515838623, 0.08034354448318481, 0.8368159532546997, 1.0710232257843018, 1.0595533847808838, 5.4834089279174805, 7.972840309143066, 1.3431380987167358, 0.2745375633239746, 1.0168474912643433, 6.845560073852539, 6.009649276733398, 3.223836660385132, 1.112924575805664, 1.0745656490325928, 1.111266851425171, 5.129291534423828, 3.6830148696899414, 0.27052679657936096, 4.917908191680908, 0.940351128578186, 3.743415355682373, 3.37076997756958, 5.051351070404053, 2.486934185028076, 1.9129966497421265, 0.0]",0.8596491228070176,0.05,0.4044486215538847
44,1,full,True,198.28073120117188,"[1.6194003820419312, 0.12976950407028198, 6.486049175262451, 3.0778374671936035, 2.354891538619995, 1.626832127571106, 3.485846519470215, 4.339948654174805, 1.2448914051055908, 1.6216583251953125, 1.6131783723831177, 1.6167038679122925, 8.494913101196289, 3.5582759380340576, 5.503302097320557, 5.741500377655029, 4.309727668762207, 4.122634410858154, 8.446770668029785, 9.571148872375488, 4.091958522796631, 1.208970546722412, 4.236419200897217, 3.5756747722625732, 2.666022300720215, 0.9766517877578735, 3.6438918113708496, 3.827011823654175, 0.47620391845703125, 2.8090286254882812, 0.48805826902389526, 0.504758358001709, 4.328087329864502, 0.11477826535701752, 1.6136969327926636, 6.28850793838501, 6.39525842666626, 5.6186723709106445, 7.369166374206543, 0.4611755609512329, 0.12037241458892822, 5.225695610046387, 4.132854461669922, 5.3121209144592285, 0.16202498972415924, 0.0, 0.662580668926239, 1.5634057521820068, 6.524982929229736, 3.9679927825927734, 1.6558444499969482, 7.558599948883057, 4.668107509613037, 8.509637832641602, 5.899360179901123, 1.001172423362732, 1.6567119359970093]",0.8421052631578947,0.05,0.42543859649122806
44,2,full,True,199.71920776367188,"[1.7697131633758545, 1.5023106336593628, 1.7952264547348022, 5.798338413238525, 6.30540657043457, 1.1572365760803223, 0.5702012777328491, 1.9927570819854736, 5.196284294128418, 6.836008071899414, 1.7569092512130737, 1.7244645357131958, 6.756836891174316, 0.21735867857933044, 6.618429183959961, 2.0604727268218994, 4.838026523590088, 1.952297329902649, 1.6798954010009766, 5.232616901397705, 3.6550168991088867, 1.2706712484359741, 3.4827194213867188, 6.671572685241699, 1.3583160638809204, 3.8432905673980713, 1.3184109926223755, 1.9546451568603516, 5.187057018280029, 6.5180158615112305, 3.828580379486084, 6.8157057762146, 3.7584919929504395, 5.172947883605957, 6.774025917053223, 7.5439453125, 4.643642425537109, 5.619779586791992, 3.594099760055542, 2.0040392875671387, 0.08768518269062042, 8.415234565734863, 5.007148742675781, 1.7578933238983154, 0.0, 0.3150758743286133, 5.835694313049316, 8.39674186706543, 0.8532330393791199, 0.551684558391571, 0.22714056074619293, 0.22384129464626312, 3.5295090675354004, 3.7437140941619873, 6.673792839050293, 2.592510461807251, 0.7325352430343628]",0.8947368421052632,0.05,0.4282581453634085
44,0,full,True,196.785888671875,"[1.9940210580825806, 4.765847206115723, 5.360908508300781, 1.1275935173034668, 4.976204872131348, 8.848417282104492, 0.2343401312828064, 5.508101940155029, 0.44197598099708557, 1.6507153511047363, 1.7019513845443726, 3.0758864879608154, 4.922799587249756, 0.8033478260040283, 1.3126413822174072, 5.026053428649902, 5.392603397369385, 3.5895416736602783, 6.4433274269104, 7.6014604568481445, 1.3970131874084473, 3.0061357021331787, 5.575611114501953, 2.140872001647949, 4.9177422523498535, 0.7718111276626587, 2.294034242630005, 0.8224217295646667, 8.052276611328125, 5.405326843261719, 6.360835552215576, 2.022030830383301, 8.13320541381836, 2.9852869510650635, 5.57882833480835, 6.626197338104248, 0.7946884632110596, 0.15343907475471497, 1.7727142572402954, 1.6126763820648193, 0.0824359804391861, 5.075590133666992, 5.205484867095947, 6.50568151473999, 5.54216194152832, 0.0, 0.2862553000450134, 6.231560230255127, 1.4496725797653198, 1.3794716596603394, 6.699894905090332, 2.444295883178711, 2.305724620819092, 1.1223543882369995, 2.979285717010498, 1.6309479475021362, 2.6441996097564697]",0.8947368421052632,0.05,0.4226190476190476
24,3,full,True,31.233198165893555,"[1.121886134147644, 3.3406167030334473, 3.002045154571533, 1.0938829183578491, 0.14852280914783478, 0.7915403842926025, 1.8437294960021973, 3.419424295425415, 0.5810918807983398, 1.1703001260757446, 0.9576788544654846, 0.6792920827865601, 1.26473867893219, 3.0166075229644775, 0.29261890053749084, 0.987252950668335, 0.9360702633857727, 4.092226028442383, 1.0907182693481445, 0.7289011478424072, 0.0, 0.6740540266036987]",0.7272727272727273,0.05,0.37445887445887444
24,4,full,True,35.08556365966797,"[0.10266541689634323, 1.0193581581115723, 1.5370615720748901, 1.162154197692871, 3.2897534370422363, 1.9269773960113525, 1.1700761318206787, 3.1783173084259033, 0.0, 3.5609545707702637, 1.2561981678009033, 0.22226634621620178, 4.376592636108398, 1.9137213230133057, 0.8454407453536987, 1.1859935522079468, 0.4494990408420563, 0.5741264820098877, 1.1606197357177734, 2.3228437900543213, 1.6187173128128052, 2.2122271060943604]",0.7727272727272727,0.05,0.4134199134199134
24,1,full,True,33.978843688964844,"[0.6981683969497681, 3.215466022491455, 1.0733534097671509, 3.1588876247406006, 0.4923991560935974, 1.2498692274093628, 0.15049435198307037, 0.8785390853881836, 1.4020451307296753, 0.0, 0.8034648895263672, 2.574183464050293, 0.6350870132446289, 1.1876490116119385, 0.9859529733657837, 2.246854543685913, 3.131493091583252, 0.8864319920539856, 3.8535268306732178, 3.052345037460327, 1.0763278007507324, 1.2263039350509644]",0.8181818181818182,0.05,0.3939393939393939
24,2,full,True,35.15333557128906,"[0.5994804501533508, 1.7427306175231934, 0.8238146305084229, 0.7994804382324219, 0.7299633026123047, 3.224034547805786, 0.21711225807666779, 2.7901675701141357, 2.1403143405914307, 2.1015729904174805, 0.7577993869781494, 0.7505242228507996, 0.6712568402290344, 3.0015530586242676, 2.240236759185791, 3.652552366256714, 2.82525634765625, 3.531851291656494, 0.8714157342910767, 0.10405747592449188, 1.578163504600525, 0.0]",0.5,0.05,0.4025974025974026
24,0,full,True,27.325092315673828,"[3.7968595027923584, 0.22782737016677856, 0.7218426465988159, 0.7940002083778381, 0.841844916343689, 0.1507641226053238, 0.5879192352294922, 3.668637990951538, 0.970647931098938, 1.3368736505508423, 0.9518681168556213, 2.4884238243103027, 1.6318769454956055, 1.045974612236023, 1.2290711402893066, 1.1069402694702148, 0.0, 0.2866855263710022, 1.312028408050537, 0.32861262559890747, 1.2228959798812866, 2.623497486114502]",0.7727272727272727,0.05,0.3852813852813853
1567,3,full,True,7.407122611999512,"[0.292023241519928, 0.5764753818511963, 0.0027495434042066336, 0.0, 0.220261812210083, 2.759892702102661, 0.16632042825222015, 1.9170594215393066, 0.34097009897232056, 1.1313703060150146]",0.1,0.05,0.4
1567,4,full,True,6.885814666748047,"[0.48804646730422974, 2.7024612426757812, 0.32563695311546326, 1.0110719203948975, 0.12863029539585114, 0.0, 0.0023289714008569717, 1.6713181734085083, 0.14923493564128876, 0.4070858061313629]",0.0,0.05,0.36666666666666664
1567,1,full,True,7.209396839141846,"[0.9218357801437378, 1.5828299522399902, 0.002683427184820175, 0.25246140360832214, 0.25955215096473694, 0.0, 0.6398054361343384, 2.565424919128418, 0.20575515925884247, 0.7790488004684448]",0.1,0.05,0.36666666666666664
1567,2,full,True,5.795344352722168,"[0.13733375072479248, 0.20915091037750244, 0.0008257454028353095, 1.1687519550323486, 0.20132485032081604, 0.8628337383270264, 0.5130380988121033, 0.0, 0.527816891670227, 2.1742684841156006]",0.1,0.05,0.2777777777777778
1567,0,full,True,6.750266075134277,"[0.06453760713338852, 0.22231361269950867, 0.6347811222076416, 0.627208411693573, 0.7890877723693848, 2.666687250137329, 0.3048609793186188, 0.0, 0.011763499118387699, 1.429026484489441]",0.0,0.05,0.3333333333333333
42477,3,full,True,20.049945831298828,"[1.0657753944396973, 0.4017372727394104, 1.9325745105743408, 1.2588101625442505, 0.25467514991760254, 1.0193111896514893, 0.15438799560070038, 1.0487810373306274, 0.9738966822624207, 0.18422020971775055, 1.1579692363739014, 1.0026429891586304, 0.0, 0.16976135969161987, 0.1964341104030609, 1.0423415899276733, 2.8635640144348145, 0.8555409908294678, 1.055094838142395, 0.2555796802043915, 1.1258755922317505, 1.1933141946792603, 0.83765709400177]",0.6956521739130435,0.05,0.25691699604743085
42477,4,full,True,21.202070236206055,"[0.24438735842704773, 0.23637524247169495, 1.8796658515930176, 1.5020369291305542, 0.655554473400116, 1.0778840780258179, 2.089346408843994, 2.2303109169006348, 0.7999540567398071, 0.9485880732536316, 0.1543809175491333, 0.7438597083091736, 0.4170057773590088, 0.11152152717113495, 2.5503900051116943, 0.0, 0.6436135768890381, 0.8152005076408386, 0.6611745953559875, 1.9846320152282715, 0.47673022747039795, 0.268698513507843, 0.7107608318328857]",0.6521739130434783,0.05,0.27865612648221344
42477,1,full,True,21.518152236938477,"[1.7328308820724487, 0.9021440744400024, 0.6380553841590881, 0.15095750987529755, 0.8860601186752319, 0.5827855467796326, 0.27589133381843567, 1.7001594305038452, 0.49843335151672363, 0.4032437205314636, 0.08934332430362701, 1.8894429206848145, 0.8712755441665649, 0.583418607711792, 1.736074686050415, 0.4767802655696869, 0.0, 1.7912962436676025, 1.1839958429336548, 1.7855889797210693, 0.669890820980072, 1.5667461156845093, 1.1037362813949585]",0.6956521739130435,0.05,0.308300395256917
42477,2,full,True,20.916725158691406,"[0.3079650402069092, 0.20366699993610382, 0.6451665163040161, 0.19077865779399872, 0.5598607063293457, 0.9335570335388184, 1.1498111486434937, 0.6641027331352234, 1.437976360321045, 0.9432700276374817, 0.0974905863404274, 1.549512505531311, 2.123918294906616, 3.130156993865967, 0.7032649517059326, 0.4450969696044922, 0.0, 1.0144304037094116, 1.3754714727401733, 1.3130162954330444, 0.7895724177360535, 0.385519802570343, 0.9531190395355225]",0.6086956521739131,0.05,0.23715415019762845
42477,0,full,True,20.795625686645508,"[0.5367100238800049, 0.0, 0.7991000413894653, 0.1640516221523285, 0.8284578919410706, 1.1464524269104004, 0.9885727167129517, 0.06716614216566086, 1.0313630104064941, 0.21594910323619843, 0.7913188934326172, 0.8685076236724854, 0.3371746242046356, 1.385682463645935, 1.6264636516571045, 1.8618850708007812, 1.4465082883834839, 0.9509341716766357, 0.9729872345924377, 2.7557010650634766, 0.9523260593414307, 0.049132268875837326, 1.0191816091537476]",0.7391304347826086,0.05,0.274703557312253
29,3,full,True,6.460619926452637,"[0.7832709550857544, 0.4689784646034241, 0.2617582082748413, 1.0057975053787231, 0.9015158414840698, 0.3418089747428894, 0.7708132863044739, 0.7362463474273682, 0.2048482894897461, 0.2568237781524658, 0.009885339997708797, 0.24505746364593506, 0.22297826409339905, 0.250837504863739, 0.0]",0.26666666666666666,0.05,0.2857142857142857
29,4,full,True,4.828854560852051,"[0.16684772074222565, 1.1913220882415771, 0.26963484287261963, 0.5135126113891602, 0.5141646862030029, 0.16152730584144592, 0.0, 0.3476254642009735, 0.05518273264169693, 0.13924981653690338, 0.4872839152812958, 0.16969257593154907, 0.1238420158624649, 0.499403715133667, 0.18956513702869415]",0.06666666666666667,0.05,0.18571428571428572
29,1,full,True,4.846156597137451,"[0.22282981872558594, 0.25495436787605286, 0.2866768538951874, 0.2670818269252777, 0.64072185754776, 0.20518949627876282, 0.7062897086143494, 0.4904230237007141, 0.05491190031170845, 0.5355241298675537, 0.02926129661500454, 0.4012707471847534, 0.2605181336402893, 0.0, 0.4905034601688385]",0.0,0.05,0.19047619047619047
29,2,full,True,5.088653564453125,"[0.6031320095062256, 0.4285292327404022, 0.04417199268937111, 0.17087943851947784, 0.9541893601417542, 0.2902778089046478, 0.5453477501869202, 0.44305768609046936, 0.05265183001756668, 0.358169823884964, 0.18900460004806519, 0.0, 0.5095614194869995, 0.3084171712398529, 0.19126343727111816]",0.06666666666666667,0.05,0.20952380952380953
29,0,full,True,4.928662300109863,"[0.2827128469944, 0.2212802618741989, 0.0, 0.4930828809738159, 0.003730346914380789, 0.2957473397254944, 0.6240118145942688, 0.37294119596481323, 0.3359254002571106, 0.36914780735969543, 0.7417097091674805, 0.560857892036438, 0.04056788235902786, 0.20273560285568237, 0.38421115279197693]",0.0,0.05,0.19523809523809524
56,3,full,True,17.00458335876465,"[2.686814308166504, 0.792918860912323, 0.9835261106491089, 2.3260271549224854, 0.18077930808067322, 0.0, 0.4010380208492279, 2.380556106567383, 0.027480347082018852, 1.2236424684524536, 1.430790901184082, 1.8848507404327393, 0.39707356691360474, 0.1607978641986847, 0.10799403488636017, 2.0202934741973877]",0.4375,0.05,0.45416666666666666
56,4,full,True,14.462993621826172,"[2.1021153926849365, 1.3699406385421753, 0.2250881940126419, 0.8005664348602295, 0.007742983289062977, 1.3796401023864746, 0.05527184158563614, 0.7929930686950684, 1.428297519683838, 1.1842358112335205, 1.4742053747177124, 0.962448239326477, 0.2631048262119293, 0.8371384739875793, 1.5802042484283447, 0.0]",0.375,0.05,0.3958333333333333
56,1,full,True,14.275690078735352,"[1.8556642532348633, 0.11676546931266785, 1.4574666023254395, 0.0, 1.0588442087173462, 1.2249290943145752, 0.6779747009277344, 0.9044020175933838, 0.20918244123458862, 1.171645164489746, 0.727483332157135, 0.753820538520813, 1.6557722091674805, 1.689713478088379, 0.6871002316474915, 0.08492650836706161]",0.375,0.05,0.4125
56,2,full,True,17.130802154541016,"[1.5775415897369385, 1.7332559823989868, 0.0, 0.5110013484954834, 0.44484204053878784, 0.15151390433311462, 0.4445553421974182, 2.8789215087890625, 2.5139942169189453, 1.0246535539627075, 1.1572679281234741, 0.5535991191864014, 1.1189182996749878, 0.24599452316761017, 0.6436864733695984, 2.131056070327759]",0.3125,0.05,0.45
56,0,full,True,15.938124656677246,"[0.9630556106567383, 0.0, 2.1774001121520996, 1.339065432548523, 2.3133950233459473, 0.07713200151920319, 2.787093162536621, 0.3632967472076416, 1.1809099912643433, 0.056229040026664734, 1.141061544418335, 0.6809780597686768, 1.1499361991882324, 0.3636406660079956, 1.3093152046203613, 0.03561585396528244]",0.25,0.05,0.43333333333333335
1489,3,full,True,1.3368138074874878,"[0.0, 0.05540958046913147, 0.3669106066226959, 0.5823158621788025, 0.3321777582168579]",0.0,0.05,0.45
1489,4,full,True,1.027717113494873,"[0.07159195095300674, 0.30747920274734497, 0.30286961793899536, 0.3457763195037842, 0.0]",0.0,0.05,0.35
1489,1,full,True,1.4612690210342407,"[0.0, 0.076775461435318, 0.45902955532073975, 0.6250513195991516, 0.30041271448135376]",0.0,0.05,0.5
1489,2,full,True,1.0862138271331787,"[0.3813222050666809, 0.0, 0.30137187242507935, 0.3782092332839966, 0.025310484692454338]",0.0,0.05,0.3
1489,0,full,True,1.5794552564620972,"[0.0, 0.0860811322927475, 0.7235451936721802, 0.3545130789279938, 0.4153158366680145]",0.0,0.05,0.45
1486,3,full,True,124.13735961914062,"[0.6397967338562012, 1.9076093435287476, 1.5889155864715576, 2.2918717861175537, 1.122835636138916, 2.254978895187378, 3.205909252166748, 1.0718337297439575, 0.3330807685852051, 0.9070882201194763, 1.4684929847717285, 0.9981565475463867, 1.2918729782104492, 0.9555466175079346, 0.929114818572998, 1.8219854831695557, 1.3925968408584595, 0.720777153968811, 0.6472038626670837, 0.5687808990478516, 0.7111243009567261, 0.6331489086151123, 1.6164480447769165, 2.473583698272705, 2.0573244094848633, 0.8634010553359985, 1.005638599395752, 0.2974644899368286, 1.465572476387024, 0.9344225525856018, 1.1077831983566284, 0.1457916796207428, 0.4468177258968353, 1.095149040222168, 0.6950262188911438, 0.5599392652511597, 0.7257198691368103, 0.412549763917923, 0.2819407880306244, 1.080338716506958, 0.3779226541519165, 0.5953842401504517, 0.5937163233757019, 0.431886225938797, 0.5543885827064514, 0.050458505749702454, 1.5604043006896973, 2.7071549892425537, 0.7463834285736084, 0.648481547832489, 0.9962080717086792, 0.9531257748603821, 0.8282868266105652, 0.31950151920318604, 0.777545690536499, 0.14125967025756836, 2.6408984661102295, 0.6160249710083008, 1.450400948524475, 1.9874250888824463, 1.1968475580215454, 0.8117210865020752, 1.8848798274993896, 1.2629156112670898, 0.21168860793113708, 1.242822527885437, 0.29313772916793823, 1.2379785776138306, 1.2832118272781372, 0.5514360666275024, 1.9052269458770752, 2.3159542083740234, 0.4727468192577362, 0.017390603199601173, 0.135198712348938, 0.1977992057800293, 0.09880559146404266, 1.1655491590499878, 1.4355612993240356, 0.9499312043190002, 0.0774904415011406, 0.049680210649967194, 0.08151566982269287, 0.0716911032795906, 0.07180985808372498, 0.07078149169683456, 0.10080397874116898, 0.6461665630340576, 1.6723599433898926, 1.773087501525879, 1.8449113368988037, 5.843869686126709, 0.2528790831565857, 0.7188373804092407, 0.6060439348220825, 0.9919424057006836, 0.29188716411590576, 1.2321027517318726, 0.6409764885902405, 0.0, 1.8923300504684448, 2.370032548904419, 1.5570379495620728, 3.175863265991211, 0.480757474899292, 0.8993983268737793, 1.7370657920837402, 1.8304401636123657, 0.8688616752624512, 0.4002557694911957, 0.6834380030632019, 1.3628458976745605, 1.1246014833450317, 0.5370432734489441, 3.5202627182006836, 0.6944934129714966, 0.9952957034111023, 0.5932074785232544]",0.211864406779661,0.05,0.044690714182239605
1486,4,full,True,135.4287567138672,"[1.5239356756210327, 1.5936310291290283, 1.7028017044067383, 0.3993535041809082, 0.8694057464599609, 0.2626588046550751, 0.1034783348441124, 0.722905695438385, 1.3390858173370361, 1.0840470790863037, 1.0583608150482178, 0.5583242177963257, 0.33056220412254333, 1.135587453842163, 0.8063916563987732, 0.20102953910827637, 1.1296411752700806, 0.9846395254135132, 0.28935879468917847, 0.7127523422241211, 0.4319763779640198, 0.0, 0.7387393712997437, 1.4928244352340698, 1.0659157037734985, 0.840471625328064, 0.9782847762107849, 0.35668617486953735, 1.0179213285446167, 0.7401461005210876, 0.07099033147096634, 0.5605891346931458, 0.8388092517852783, 0.14861774444580078, 0.863170862197876, 0.434935063123703, 0.7757428884506226, 0.8163205981254578, 0.7389909029006958, 0.045829083770513535, 0.5982644557952881, 0.6329634189605713, 0.7938144207000732, 0.34902632236480713, 0.4804309606552124, 0.6795182228088379, 0.7014617919921875, 1.1358582973480225, 0.013951409608125687, 0.407804012298584, 1.5810383558273315, 0.6873624920845032, 0.9673490524291992, 0.5531660914421082, 1.516913890838623, 0.8733808398246765, 1.1244717836380005, 1.8471473455429077, 0.7028714418411255, 0.2240719348192215, 1.3163505792617798, 0.09405696392059326, 0.29907679557800293, 1.5709859132766724, 1.615321159362793, 3.915085792541504, 4.195738315582275, 2.2463302612304688, 3.222108840942383, 5.48272705078125, 2.710568428039551, 2.206416130065918, 1.3591320514678955, 1.7090853452682495, 0.6755722761154175, 0.5984199643135071, 1.4152228832244873, 0.26638585329055786, 3.7673282623291016, 4.259182929992676, 0.09191831201314926, 0.10314285010099411, 0.09784425050020218, 0.10100125521421432, 0.09651599824428558, 0.10790811479091644, 1.0346441268920898, 1.5150887966156006, 0.5462161302566528, 0.679044246673584, 0.9278605580329895, 4.045660495758057, 0.24047419428825378, 0.4020828902721405, 0.8973483443260193, 0.8272427916526794, 0.8707799315452576, 0.8037115931510925, 1.2928557395935059, 3.533421039581299, 1.2749662399291992, 2.0865979194641113, 3.326270341873169, 0.5284724831581116, 3.0320796966552734, 0.7661073803901672, 1.702100157737732, 0.9356129765510559, 2.1347286701202393, 0.6498529314994812, 0.35323965549468994, 0.18541499972343445, 1.3915913105010986, 1.248689889907837, 0.547164797782898, 1.7941972017288208, 3.854029893875122, 2.8420052528381348]",0.1864406779661017,0.05,0.05193394176445024
1486,1,full,True,163.06698608398438,"[0.08426716178655624, 1.926342248916626, 1.241495132446289, 3.908867835998535, 2.222846508026123, 3.173384428024292, 0.7077656984329224, 3.3884799480438232, 0.9522802829742432, 0.022350888699293137, 0.22533342242240906, 1.3184406757354736, 1.3632721900939941, 1.1181676387786865, 1.6774834394454956, 1.2115731239318848, 1.3524796962738037, 1.0307159423828125, 1.1760363578796387, 0.6733555197715759, 1.1599031686782837, 0.9545391201972961, 1.8896063566207886, 2.4603865146636963, 0.13449224829673767, 2.654048204421997, 3.0212738513946533, 1.1755778789520264, 2.1324429512023926, 0.5939251184463501, 0.2650246024131775, 1.5683517456054688, 1.140699863433838, 0.9847555160522461, 1.1240801811218262, 1.191672682762146, 0.38003870844841003, 0.9514244794845581, 0.6072337627410889, 1.4212422370910645, 1.243831753730774, 0.8402571082115173, 1.0580731630325317, 1.0775738954544067, 1.4163248538970947, 1.292922019958496, 2.662926197052002, 1.840089201927185, 0.006764909718185663, 1.160465121269226, 0.7662915587425232, 1.1951074600219727, 0.7362550497055054, 1.3248927593231201, 2.1254613399505615, 2.8251655101776123, 0.4245072901248932, 1.3758893013000488, 0.6726315021514893, 3.390856981277466, 0.0, 1.86534583568573, 1.7484023571014404, 1.878151535987854, 0.16784566640853882, 0.30955854058265686, 0.9398050308227539, 3.3570239543914795, 3.6600186824798584, 3.6513473987579346, 1.5540087223052979, 0.7005459070205688, 0.3702920377254486, 1.2233680486679077, 0.6103928685188293, 1.735551118850708, 0.08770553022623062, 0.9803078770637512, 1.8548181056976318, 0.8796400427818298, 0.13658151030540466, 0.01764785125851631, 0.13220913708209991, 0.12402646243572235, 0.16923309862613678, 0.15652449429035187, 3.7716381549835205, 2.287689447402954, 2.4701988697052, 1.312307357788086, 2.045705556869507, 5.474515438079834, 1.0730743408203125, 0.8792650699615479, 0.9123547077178955, 0.9750999212265015, 1.0100784301757812, 0.6741698980331421, 0.41088753938674927, 1.47833251953125, 1.5214736461639404, 0.2421819269657135, 0.6188135743141174, 1.0765091180801392, 1.2322226762771606, 2.0337674617767334, 1.7967419624328613, 0.06345295161008835, 2.0710952281951904, 2.7859673500061035, 1.848587155342102, 2.5625178813934326, 2.8065452575683594, 0.5353737473487854, 1.8651676177978516, 1.7336968183517456, 2.7623205184936523, 0.40292227268218994]",0.3644067796610169,0.05,0.06736201651455889
1486,2,full,True,132.630615234375,"[1.4012367725372314, 0.5127795338630676, 1.5720340013504028, 0.8760709762573242, 0.8830282688140869, 0.36009305715560913, 1.1727566719055176, 0.7123518586158752, 0.858859658241272, 0.6777349710464478, 0.6045920252799988, 0.10896529257297516, 0.8386660814285278, 0.7588763236999512, 0.5601567029953003, 1.0296059846878052, 0.6397322416305542, 0.594434380531311, 0.3426614999771118, 0.503879189491272, 0.8026615977287292, 1.0268323421478271, 1.5381152629852295, 1.1599364280700684, 1.746812105178833, 1.2353992462158203, 1.4442601203918457, 0.46084073185920715, 1.3153045177459717, 0.2901463806629181, 1.2580349445343018, 0.21436701714992523, 0.5959334969520569, 0.4763052761554718, 0.6838840246200562, 0.30479714274406433, 0.8405082821846008, 0.6112239360809326, 0.9404295682907104, 0.9163985848426819, 0.6732214093208313, 0.7367677688598633, 0.5383298993110657, 0.03997664526104927, 0.7117913961410522, 0.4680573344230652, 1.9851747751235962, 1.9506120681762695, 1.367032527923584, 0.69817715883255, 0.5806345343589783, 0.7034611701965332, 0.1867145150899887, 1.3977923393249512, 0.9469054937362671, 0.4543105959892273, 1.9532155990600586, 1.7736382484436035, 2.776118755340576, 2.782938241958618, 2.347522497177124, 1.3646628856658936, 0.6594622731208801, 1.3240832090377808, 0.0, 4.320460796356201, 3.0647244453430176, 5.147165775299072, 1.5830347537994385, 4.497270107269287, 2.098576068878174, 1.4607045650482178, 0.8155487775802612, 0.5678642392158508, 0.4965783357620239, 0.7645276188850403, 0.8556578755378723, 0.02241094410419464, 0.7998833656311035, 0.2000228762626648, 0.11422562599182129, 0.06564561277627945, 0.09034471213817596, 0.12426526099443436, 0.16640187799930573, 0.05503500998020172, 1.6053329706192017, 0.9340892434120178, 2.195059299468994, 2.563900947570801, 2.186774969100952, 3.0563645362854004, 0.6243136525154114, 0.7004143595695496, 0.6536697745323181, 0.8292142152786255, 0.5841219425201416, 0.5742404460906982, 0.13126008212566376, 2.0474469661712646, 3.6476051807403564, 2.507890224456787, 0.8783330321311951, 1.9547349214553833, 3.574550151824951, 0.6521572470664978, 3.0212113857269287, 1.755473256111145, 0.8346796035766602, 0.2487390637397766, 0.37683936953544617, 0.9215593934059143, 0.16344185173511505, 0.06726986169815063, 0.32590124011039734, 0.703683614730835, 2.4317679405212402, 1.2769205570220947]",0.2542372881355932,0.05,0.04874692162827756
1486,0,full,True,293.27947998046875,"[1.8951021432876587, 2.0965840816497803, 0.11372224986553192, 0.0, 0.07526375353336334, 2.559075355529785, 1.941572666168213, 1.9948945045471191, 2.5236754417419434, 0.6297829151153564, 4.109164714813232, 1.4075195789337158, 1.557180404663086, 3.168081760406494, 5.724483013153076, 2.4934885501861572, 1.9826973676681519, 1.8867478370666504, 2.450268507003784, 2.18090558052063, 0.6081578135490417, 0.05466066300868988, 1.589307427406311, 4.803529739379883, 4.023763656616211, 2.1404917240142822, 1.1464787721633911, 5.521973609924316, 0.3839731216430664, 3.5644543170928955, 3.163630962371826, 0.6191555857658386, 2.4234540462493896, 0.3575209677219391, 2.055007219314575, 2.339799165725708, 2.4618349075317383, 1.3441838026046753, 2.1830520629882812, 0.7909440994262695, 0.9510634541511536, 1.9663268327713013, 2.1122255325317383, 0.2335480898618698, 2.1206791400909424, 2.124805450439453, 1.475127100944519, 2.797163486480713, 3.0399091243743896, 2.2455010414123535, 0.9249604344367981, 2.3746840953826904, 2.3462958335876465, 2.187027931213379, 1.6253629922866821, 5.058806419372559, 2.7947802543640137, 0.1173216700553894, 0.5480605959892273, 4.1091461181640625, 2.3573460578918457, 3.988950729370117, 5.487953186035156, 4.098931312561035, 5.389773845672607, 0.0258815698325634, 1.7624632120132446, 5.342628479003906, 3.801921844482422, 0.5266470909118652, 2.1413180828094482, 1.5246182680130005, 4.426671504974365, 2.1210293769836426, 6.817124366760254, 0.9460331201553345, 0.22875845432281494, 2.1875600814819336, 3.8717780113220215, 3.415745496749878, 0.6473672389984131, 0.5980969667434692, 0.08483085036277771, 0.13277557492256165, 0.6130162477493286, 0.6716384887695312, 1.9953052997589111, 2.8748891353607178, 6.59943962097168, 6.366543769836426, 5.486269950866699, 3.9768311977386475, 0.9524103403091431, 2.1772589683532715, 0.17477695643901825, 2.637434959411621, 1.703800916671753, 2.0507452487945557, 2.1274428367614746, 5.296359062194824, 6.097397804260254, 6.2244343757629395, 3.380833625793457, 3.5069081783294678, 6.80142068862915, 6.431009769439697, 4.443981170654297, 2.7112247943878174, 0.6611911058425903, 2.1839547157287598, 1.0302876234054565, 2.2896220684051514, 2.658975839614868, 0.22852513194084167, 1.5097782611846924, 2.9266459941864014, 7.619161128997803, 1.42538321018219]",0.7372881355932204,0.05,0.16159640735911923
28,3,full,True,80.77116394042969,"[0.7361782193183899, 0.20636703073978424, 0.8001955151557922, 1.0193551778793335, 0.11331375688314438, 1.4999595880508423, 0.1618625372648239, 0.7513359189033508, 0.5272448658943176, 0.0, 0.922542929649353, 1.2779258489608765, 2.006527900695801, 1.5213066339492798, 1.2779589891433716, 0.7632152438163757, 0.7511317729949951, 1.0959696769714355, 1.7041865587234497, 1.5707958936691284, 1.615824818611145, 3.9761013984680176, 1.4768954515457153, 0.7559794187545776, 0.11321081221103668, 2.4483768939971924, 1.6209784746170044, 1.4740766286849976, 2.0495445728302, 2.8557591438293457, 2.3129663467407227, 0.015000441111624241, 0.7088168859481812, 2.793876886367798, 2.2522592544555664, 1.401116132736206, 1.4054877758026123, 1.039912462234497, 0.12614744901657104, 0.7162728905677795, 0.7751306295394897, 4.457675457000732, 4.970730304718018, 0.08439549058675766, 0.8302457928657532, 1.568052887916565, 1.8136528730392456, 0.724936306476593, 0.7051094174385071, 0.5780855417251587, 2.8945560455322266, 2.007258892059326, 0.1367923617362976, 1.3790620565414429, 0.8981565237045288, 0.09512226283550262, 0.7826804518699646, 1.069845199584961, 0.9926630258560181, 1.0971336364746094, 1.0138440132141113, 0.7327236533164978, 0.5797900557518005, 0.7175455093383789]",0.578125,0.05,0.15327380952380953
28,4,full,True,76.15892791748047,"[0.5631641149520874, 1.386616826057434, 2.8421754837036133, 0.47529739141464233, 0.7005523443222046, 1.0888001918792725, 0.4825012683868408, 0.004440379329025745, 0.7084957361221313, 1.435499906539917, 2.066904067993164, 1.6640729904174805, 1.1235771179199219, 1.508200764656067, 0.6807705163955688, 0.035165127366781235, 0.04159083589911461, 0.8051865100860596, 1.4748759269714355, 2.1387557983398438, 1.1421191692352295, 3.0780820846557617, 2.0062246322631836, 0.7015581727027893, 0.5419537425041199, 0.9093397259712219, 1.363965392112732, 1.306046724319458, 0.34174349904060364, 1.514345407485962, 2.2352778911590576, 0.0101925665512681, 0.030362140387296677, 1.1038601398468018, 1.3554601669311523, 1.1414308547973633, 1.097111463546753, 1.5911638736724854, 3.074246406555176, 0.8605979084968567, 0.004891674034297466, 1.382892370223999, 0.4044530689716339, 3.880783796310425, 1.4957492351531982, 1.2883058786392212, 1.135288119316101, 0.674380362033844, 0.6848403215408325, 0.72202467918396, 1.540138602256775, 1.950852632522583, 0.7276291251182556, 1.1638736724853516, 1.476483702659607, 0.6558701395988464, 0.7139962911605835, 1.226023554801941, 0.46892642974853516, 0.7110403180122375, 1.359197735786438, 4.52424955368042, 1.3353149890899658, 0.0]",0.578125,0.05,0.14360119047619047
28,1,full,True,85.4622802734375,"[0.7861518859863281, 0.18013136088848114, 1.9603296518325806, 2.677771806716919, 0.5320711731910706, 3.2008156776428223, 0.6043624877929688, 0.7451620697975159, 0.05500653013586998, 0.7559762001037598, 0.0, 2.5482561588287354, 1.266668438911438, 0.8770949244499207, 0.3517681658267975, 0.1612117439508438, 0.7042503356933594, 2.0155303478240967, 0.881315290927887, 0.890844464302063, 1.926257848739624, 2.2735114097595215, 0.59825599193573, 0.004417873453348875, 0.7848302721977234, 2.012366771697998, 2.4402172565460205, 1.628093957901001, 0.9935377240180969, 2.6775810718536377, 0.07354004681110382, 0.8457825183868408, 0.7791329622268677, 2.365283489227295, 2.4530751705169678, 0.8429597616195679, 0.6933715343475342, 2.0675253868103027, 1.0874322652816772, 0.10846985131502151, 0.013361210003495216, 1.9305434226989746, 5.041845321655273, 2.014258861541748, 2.0588738918304443, 2.3423519134521484, 1.0713636875152588, 0.10816497355699539, 0.09103292226791382, 1.529013991355896, 2.8614447116851807, 1.1767327785491943, 1.2517914772033691, 2.6387875080108643, 1.4266057014465332, 0.7699073553085327, 0.7753719091415405, 0.3789788782596588, 1.8401806354522705, 0.44236209988594055, 1.4867005348205566, 2.9264538288116455, 2.669624090194702, 0.7661659121513367]",0.5,0.05,0.1684027777777778
28,2,full,True,95.26106262207031,"[0.9882725477218628, 0.0, 2.944287061691284, 2.5678904056549072, 0.14304469525814056, 1.1143136024475098, 0.24448251724243164, 0.04259650409221649, 1.686579704284668, 0.41549012064933777, 0.2575373649597168, 2.9224867820739746, 2.7701408863067627, 4.087956428527832, 2.254533290863037, 0.3307313323020935, 1.6905173063278198, 2.6977550983428955, 0.766526997089386, 1.2516660690307617, 2.5268893241882324, 1.1614962816238403, 2.669825792312622, 1.7904380559921265, 1.6591130495071411, 0.15741483867168427, 0.652392566204071, 0.7340944409370422, 3.646696090698242, 0.5682179927825928, 0.8230311870574951, 1.7049305438995361, 0.2779110074043274, 0.26367369294166565, 0.4979346990585327, 0.12375453114509583, 2.918768882751465, 2.167569875717163, 0.20414388179779053, 1.3707720041275024, 1.8398703336715698, 2.9768567085266113, 3.4448893070220947, 2.727581024169922, 1.4813458919525146, 0.19203481078147888, 3.6218419075012207, 0.3871982991695404, 1.6583542823791504, 2.0816588401794434, 1.0165624618530273, 2.5240113735198975, 2.7436585426330566, 3.2094900608062744, 0.15661321580410004, 1.8247886896133423, 0.25328826904296875, 0.1001436859369278, 2.6019716262817383, 2.4457170963287354, 1.026308536529541, 1.2826718091964722, 0.16071945428848267, 0.40761709213256836]",0.515625,0.05,0.2170138888888889
28,0,full,True,85.98011779785156,"[0.929193913936615, 1.5820235013961792, 0.6021093130111694, 1.278205156326294, 1.7439528703689575, 1.4412692785263062, 4.455456733703613, 0.8989593982696533, 0.9513575434684753, 0.8666874170303345, 1.1395747661590576, 0.864946186542511, 1.6886720657348633, 3.6930274963378906, 1.0547221899032593, 0.06317592412233353, 0.8584560751914978, 0.6480260491371155, 1.668380618095398, 1.7765992879867554, 0.13656394183635712, 2.2966063022613525, 2.7716598510742188, 0.9021854996681213, 0.8889015316963196, 1.8578354120254517, 1.6939418315887451, 1.8873752355575562, 1.1630451679229736, 1.574586033821106, 2.131810426712036, 0.868247389793396, 0.06724986433982849, 2.535916566848755, 1.152526617050171, 1.8989070653915405, 0.8434847593307495, 1.7477967739105225, 3.360201358795166, 0.932572603225708, 0.03549381345510483, 2.218346118927002, 2.056763172149658, 1.7058385610580444, 1.1892975568771362, 1.6350841522216797, 2.0448338985443115, 0.02887103520333767, 0.9431048631668091, 0.7574506402015686, 0.040166642516851425, 0.9725232124328613, 1.4720994234085083, 0.0, 0.19849900901317596, 0.066855788230896, 0.9697936177253723, 1.2730975151062012, 0.7890148162841797, 2.1450698375701904, 3.6954922676086426, 1.076124668121338, 0.8216619491577148, 0.9284207820892334]",0.671875,0.05,0.1636904761904762
3,3,full,True,62.76411819458008,"[3.5394062995910645, 1.3792308568954468, 0.9759351015090942, 0.02019364759325981, 1.9037666320800781, 2.4431698322296143, 0.9895070791244507, 0.1912112534046173, 1.3416218757629395, 0.7906729578971863, 3.263842821121216, 3.702587842941284, 0.8229860663414001, 1.5289069414138794, 1.1741669178009033, 1.0382003784179688, 1.100629448890686, 0.2860408425331116, 1.081159234046936, 0.5407271385192871, 0.6352689862251282, 1.546416997909546, 1.8334110975265503, 4.178657054901123, 0.6043472290039062, 3.3819632530212402, 4.975311279296875, 2.458138942718506, 0.8673304915428162, 3.408060073852539, 1.3883769512176514, 1.3335256576538086, 0.0, 1.9476759433746338, 5.031135082244873, 1.0605345964431763]",0.7777777777777778,0.05,0.38015873015873014
3,4,full,True,86.05218505859375,"[4.385834217071533, 0.1582111269235611, 4.051702976226807, 0.4305673837661743, 0.0, 1.6763255596160889, 0.6063737273216248, 3.9153664112091064, 3.156669855117798, 2.744961977005005, 3.192305326461792, 4.101408958435059, 1.1094081401824951, 0.8875362277030945, 2.1754610538482666, 3.5009822845458984, 4.085606575012207, 2.578422784805298, 3.6884267330169678, 2.352813243865967, 3.7734673023223877, 0.07130283862352371, 4.987343788146973, 4.884955406188965, 3.8622658252716064, 0.36271175742149353, 1.7190272808074951, 0.17079362273216248, 5.055943965911865, 1.9264987707138062, 0.46569523215293884, 0.5088732242584229, 5.126003742218018, 2.992540121078491, 0.9645019769668579, 0.38187962770462036]",0.7222222222222222,0.05,0.44761904761904764
3,1,full,True,76.43167114257812,"[4.949944019317627, 0.8070786595344543, 1.6070189476013184, 4.225317478179932, 3.988832712173462, 5.12982177734375, 3.879601240158081, 1.9852313995361328, 0.08584925532341003, 3.153014898300171, 2.6597492694854736, 3.448099374771118, 0.15743553638458252, 1.2786612510681152, 0.7632262706756592, 0.0, 2.7166810035705566, 1.9870857000350952, 0.8925138115882874, 0.37079185247421265, 0.9545491337776184, 0.7281252145767212, 0.3058219850063324, 3.3648314476013184, 2.9394922256469727, 0.7042586207389832, 0.6801953315734863, 4.961589813232422, 3.429757595062256, 1.5061535835266113, 0.18851783871650696, 1.961604118347168, 3.5107736587524414, 3.4297709465026855, 2.7645957469940186, 0.9156825542449951]",0.8333333333333334,0.05,0.43333333333333335
3,2,full,True,78.6950912475586,"[0.6287826299667358, 2.066972017288208, 1.6824142932891846, 3.2775235176086426, 2.4289369583129883, 2.521676778793335, 0.295872300863266, 0.24394837021827698, 1.9208300113677979, 5.390056610107422, 1.5898947715759277, 0.3503834009170532, 2.5537056922912598, 3.9547581672668457, 5.0629658699035645, 0.04884548485279083, 4.9652910232543945, 5.060586452484131, 1.4979184865951538, 0.565118670463562, 0.5321474075317383, 1.022343397140503, 1.282081127166748, 0.4096909761428833, 2.929713726043701, 1.221421718597412, 2.5636136531829834, 2.8918027877807617, 3.120051383972168, 2.6528306007385254, 3.2999486923217773, 0.0, 3.6054017543792725, 1.286257028579712, 1.1339290142059326, 4.637378692626953]",0.75,0.05,0.42777777777777776
3,0,full,True,76.78550720214844,"[3.688706874847412, 0.16942846775054932, 2.641636610031128, 1.8878165483474731, 3.2152910232543945, 2.437589645385742, 2.3562023639678955, 1.0258597135543823, 2.2890987396240234, 1.1906416416168213, 1.3775790929794312, 3.246516466140747, 1.7368638515472412, 0.3020193874835968, 0.44108209013938904, 0.5882401466369629, 1.044367790222168, 3.514291286468506, 4.812464714050293, 1.96036958694458, 0.008876696228981018, 3.0920803546905518, 0.0, 3.9168968200683594, 2.056882381439209, 4.663172245025635, 5.111485481262207, 0.4122706949710846, 5.005753517150879, 1.1081820726394653, 2.3621561527252197, 3.7424724102020264, 2.772883892059326, 0.3763735592365265, 0.2204868197441101, 2.0094587802886963]",0.75,0.05,0.42698412698412697
41168,3,full,True,229.84072875976562,"[9.708176612854004, 5.684235095977783, 3.653254508972168, 13.243871688842773, 9.168534278869629, 1.0375752449035645, 13.136847496032715, 1.6672260761260986, 8.165461540222168, 0.0, 2.904468297958374, 0.29876509308815, 9.250006675720215, 1.8788272142410278, 3.502769708633423, 2.3379807472229004, 0.10691699385643005, 0.6522308588027954, 1.1068446636199951, 10.314509391784668, 1.4509934186935425, 14.152451515197754, 3.0263938903808594, 6.017580986022949, 1.0566983222961426, 3.565626621246338, 8.832719802856445, 1.9271528720855713, 8.540582656860352, 1.832511067390442, 3.472712516784668, 3.0359835624694824, 0.6266366839408875, 5.268753528594971, 4.390395164489746, 3.2520341873168945, 4.050990581512451, 3.751328706741333, 4.3530964851379395, 0.5528364777565002, 3.498563051223755, 2.0354526042938232, 0.011378350667655468, 4.709672927856445, 0.9498263001441956, 3.2999229431152344, 7.334320068359375, 3.6111059188842773, 4.409905910491943, 0.9809592962265015, 3.7345404624938965, 3.504755973815918, 3.7166085243225098, 7.067747592926025]",0.7777777777777778,0.05,0.4280223619846261
41168,4,full,True,226.37684631347656,"[1.231031894683838, 14.35366439819336, 0.0, 1.8056113719940186, 1.2229746580123901, 5.174413681030273, 0.5487220883369446, 8.035945892333984, 3.1497318744659424, 10.609347343444824, 6.221646308898926, 2.1303656101226807, 1.700362205505371, 5.147736072540283, 6.667550563812256, 2.604027271270752, 0.7448506355285645, 0.13776525855064392, 13.01525592803955, 1.1384204626083374, 7.847762107849121, 0.01612056978046894, 0.6472942233085632, 2.8842458724975586, 6.1006317138671875, 4.8341217041015625, 7.272623538970947, 2.5583510398864746, 0.9466018676757812, 0.31666263937950134, 6.777859210968018, 1.4569281339645386, 3.2665419578552246, 1.3876196146011353, 2.6766412258148193, 2.0630080699920654, 8.924981117248535, 8.405613899230957, 3.9995663166046143, 6.840583801269531, 9.13213062286377, 1.8093875646591187, 2.8877506256103516, 3.417109489440918, 3.0377323627471924, 4.2530083656311035, 3.6132254600524902, 3.9004886150360107, 8.499871253967285, 2.8177506923675537, 6.977753639221191, 2.760458469390869, 5.63704252243042, 2.7699456214904785]",0.7962962962962963,0.05,0.4332634521313767
41168,1,full,True,255.90911865234375,"[13.474090576171875, 9.484532356262207, 0.9682818055152893, 1.8423051834106445, 5.783267498016357, 4.54811429977417, 0.0, 11.014815330505371, 9.192914009094238, 6.319133758544922, 11.685352325439453, 1.367967128753662, 1.1762256622314453, 2.7793478965759277, 6.667511940002441, 15.924171447753906, 7.0889153480529785, 11.626439094543457, 3.7758612632751465, 5.0004987716674805, 0.09527076780796051, 9.638644218444824, 2.1438615322113037, 0.7252597808837891, 2.569934368133545, 2.0250062942504883, 13.917146682739258, 0.27458029985427856, 2.181671380996704, 0.005279506091028452, 3.706803798675537, 1.3277666568756104, 0.04419217258691788, 1.0773645639419556, 0.46645620465278625, 6.995330333709717, 0.34174343943595886, 1.5415065288543701, 7.367453098297119, 4.833330154418945, 0.7713384032249451, 3.59625506401062, 4.289889335632324, 3.8979179859161377, 5.061949253082275, 7.3975725173950195, 5.840170860290527, 5.371893882751465, 2.967198371887207, 1.6486848592758179, 3.0497114658355713, 10.447246551513672, 4.422194480895996, 6.148761749267578]",0.8148148148148148,0.05,0.45877009084556253
41168,2,full,True,212.4043731689453,"[0.7671679258346558, 1.643500566482544, 11.863520622253418, 3.859912872314453, 2.916682720184326, 7.14828634262085, 11.150691986083984, 2.8071956634521484, 8.062318801879883, 6.510973930358887, 1.40761137008667, 2.2100043296813965, 4.856244087219238, 7.709515571594238, 0.3623751103878021, 0.011671377345919609, 0.22889721393585205, 6.39919376373291, 5.271660327911377, 2.2462635040283203, 11.917500495910645, 0.9627447128295898, 7.608612060546875, 4.0903825759887695, 0.5834060311317444, 9.048714637756348, 2.1607401371002197, 3.0070557594299316, 7.39354944229126, 0.0, 4.408028602600098, 2.116626739501953, 1.737790584564209, 2.535743236541748, 4.196913719177246, 2.7386436462402344, 6.476376056671143, 1.238242506980896, 2.3572189807891846, 3.684671401977539, 3.0436580181121826, 2.5736446380615234, 1.3674424886703491, 1.2607450485229492, 0.8819824457168579, 5.6162543296813965, 8.456618309020996, 2.6077351570129395, 3.900392532348633, 6.954669952392578, 6.304308891296387, 0.6901702880859375, 0.4656139314174652, 2.584484100341797]",0.7962962962962963,0.05,0.4304682040531097
41168,0,full,True,268.58935546875,"[2.883131742477417, 1.9240442514419556, 1.5448932647705078, 0.6091066598892212, 7.556992530822754, 6.4197916984558105, 0.0, 0.24211961030960083, 1.0764249563217163, 8.419229507446289, 6.086009979248047, 12.9921236038208, 9.50637435913086, 12.415830612182617, 2.538792133331299, 1.4686285257339478, 0.6734880805015564, 0.029546204954385757, 3.130211114883423, 5.167287349700928, 0.9433913230895996, 0.3324706554412842, 12.64013671875, 5.095217704772949, 9.462918281555176, 3.445326089859009, 10.85802936553955, 9.305609703063965, 3.471038818359375, 5.5838093757629395, 10.343765258789062, 7.6020402908325195, 4.151581287384033, 8.709615707397461, 3.158865451812744, 6.590549945831299, 0.10323410481214523, 7.153618812561035, 4.512974262237549, 13.145122528076172, 1.3951982259750366, 8.263933181762695, 6.82954216003418, 3.624457359313965, 6.923598766326904, 3.972537040710449, 2.9104561805725098, 1.7007073163986206, 6.244783878326416, 5.638633728027344, 3.903923511505127, 0.5039778351783752, 2.008098840713501, 3.3761770725250244]",0.8148148148148148,0.05,0.4591194968553459
15,3,full,True,1.5835566520690918,"[0.2901611030101776, 0.16415761411190033, 0.06184834986925125, 0.0, 0.21276064217090607, 0.13099604845046997, 0.32346758246421814, 0.15908469259738922, 0.2410806119441986]",0.0,0.05,0.18055555555555555
15,4,full,True,2.133511543273926,"[0.0, 0.6196170449256897, 0.04606601968407631, 0.24217309057712555, 0.16258060932159424, 0.3186105191707611, 0.34413057565689087, 0.19259734451770782, 0.2077363282442093]",0.0,0.05,0.25
15,1,full,True,1.8185995817184448,"[0.15321186184883118, 0.3212316334247589, 0.0, 0.003070574952289462, 0.4079865515232086, 0.12549130618572235, 0.394670695066452, 0.19358396530151367, 0.21935288608074188]",0.0,0.05,0.2222222222222222
15,2,full,True,1.768594741821289,"[0.3799031674861908, 0.2669721245765686, 0.28216540813446045, 0.02940761111676693, 0.2152051031589508, 0.0, 0.20259086787700653, 0.21674862504005432, 0.17560184001922607]",0.0,0.05,0.19444444444444445
15,0,full,True,1.4709844589233398,"[0.2242344468832016, 0.16589295864105225, 0.28253310918807983, 0.17937375605106354, 0.24880704283714294, 0.0, 0.043137673288583755, 0.11501075327396393, 0.21199460327625275]",0.0,0.05,0.18055555555555555
50,3,full,True,5.196381568908691,"[0.4736782908439636, 0.01320201251655817, 0.0, 0.609566330909729, 0.30649933218955994, 0.9386091232299805, 1.3536964654922485, 0.811626136302948, 0.6895038485527039]",0.0,0.05,0.4583333333333333
50,4,full,True,5.178812026977539,"[0.4324638843536377, 0.0, 0.6928182244300842, 0.4430871903896332, 0.02566162310540676, 0.20753371715545654, 1.2611497640609741, 0.825422465801239, 1.2906752824783325]",0.0,0.05,0.4444444444444444
50,1,full,True,4.938601493835449,"[0.2540675401687622, 0.9110676646232605, 0.0008201008895412087, 0.0, 1.0745933055877686, 0.2283971905708313, 1.2895088195800781, 0.445390909910202, 0.7347556352615356]",0.0,0.05,0.4722222222222222
50,2,full,True,4.637737274169922,"[0.5950003862380981, 0.9114502668380737, 0.8504135608673096, 0.5819790363311768, 0.2588111162185669, 0.7393044829368591, 0.0645490512251854, 0.636229395866394, 0.0]",0.0,0.05,0.3888888888888889
50,0,full,True,6.169307708740234,"[1.1843783855438232, 1.560030221939087, 0.5993836522102356, 0.021874647587537766, 0.8961043357849121, 0.5363962650299072, 1.0429859161376953, 0.32815372943878174, 0.0]",0.0,0.05,0.4722222222222222
293,3,full,True,0.31966689229011536,"[0.14293426275253296, 0.0504111647605896, 0.027189385145902634, 0.002698006108403206, 0.0280279703438282, 0.012824693694710732, 0.0, 0.001475195400416851, 0.022679386660456657, 0.02861807681620121, 3.227296838304028e-05, 7.975359767442569e-05, 4.735518086818047e-05, 7.682017894694582e-05, 5.0246340833837166e-05, 4.788541991729289e-05, 5.0173875933978707e-05, 5.509905895451084e-05, 3.332342021167278e-05, 7.538752106484026e-05, 6.224837125046179e-05, 3.8915906770853326e-05, 0.00015861379506532103, 2.4002532882150263e-05, 2.9649401767528616e-05, 0.00012773093476425856, 1.783572406566236e-05, 3.90281857107766e-05, 4.735968468594365e-05, 7.164412090787664e-05, 3.9741938962833956e-05, 9.883076563710347e-05, 8.561957656638697e-05, 1.8583561541163363e-05, 3.820643905783072e-05, 4.224767326377332e-05, 2.2639138478552923e-05, 3.0025623345864005e-05, 3.5434011806501076e-05, 0.00016034911095630378, 0.0001690259377937764, 3.698354339576326e-05, 0.00013235901133157313, 3.252695023547858e-05, 6.698034121654928e-05, 2.0287012375774793e-05, 7.795376586727798e-05, 8.504620200255886e-05, 0.00014564135926775634, 2.6951718609780073e-05, 6.140550976851955e-05, 7.49829996493645e-05, 4.137359792366624e-05, 0.0001001938508125022]",0.0,0.05,0.0
293,4,full,True,0.5315294861793518,"[0.27399033308029175, 0.0, 0.0002871594042517245, 0.026489557698369026, 0.009896552190184593, 0.024728287011384964, 0.03722887858748436, 0.03978442773222923, 0.058984626084566116, 0.056817784905433655, 2.310299350938294e-05, 2.6789974072016776e-05, 9.797382517717779e-05, 3.516247670631856e-05, 8.814461762085557e-05, 7.629919855389744e-05, 9.341557597508654e-05, 6.664036482106894e-05, 1.6371524907299317e-05, 7.175099017331377e-05, 7.007650856394321e-05, 8.641825115773827e-05, 9.692602179711685e-05, 9.032415255205706e-05, 0.0003571858105715364, 6.747686711605638e-05, 8.42979789013043e-05, 7.252579234773293e-05, 8.099662227323279e-05, 7.662627467652783e-05, 4.336797428550199e-05, 2.2894362700753845e-05, 6.586312520084903e-05, 6.676698831142858e-05, 6.798870163038373e-05, 8.038253872655332e-05, 7.546628330601379e-05, 4.9604292144067585e-05, 6.607915565837175e-05, 2.470736944815144e-05, 0.00012744958803523332, 0.00013535618199966848, 0.0002056466182693839, 8.204470213968307e-05, 3.254435432609171e-05, 7.651905616512522e-05, 3.440697764744982e-05, 7.253276271512732e-05, 8.769034320721403e-05, 6.59912548144348e-05, 7.748643838567659e-05, 3.0363535188371316e-05, 1.82888670678949e-05, 3.395018575247377e-05]",0.0,0.05,0.0
293,1,full,True,0.4840983748435974,"[0.15725919604301453, 0.10538695007562637, 0.011813978664577007, 0.04203743115067482, 0.08307735621929169, 0.02220635488629341, 0.042684417217969894, 0.0023498993832618, 0.014721384271979332, 0.0, 4.087497654836625e-05, 0.0001417041930835694, 5.905179205001332e-05, 6.931355892447755e-05, 0.00010655971709638834, 0.00010597416257951409, 4.4250948121771216e-05, 4.719292337540537e-05, 3.3769978472264484e-05, 5.365547622204758e-05, 5.0486742111388594e-05, 1.9325565517647192e-05, 7.173629273893312e-05, 4.543290560832247e-05, 1.412677079315472e-06, 3.9492137148045003e-05, 0.00017391741857863963, 6.0813101299572736e-05, 4.263224400347099e-05, 2.5278899556724355e-05, 4.314633406465873e-05, 5.896597576793283e-05, 6.180527270771563e-05, 2.6584541046759114e-05, 6.253660103539005e-05, 8.426070417044684e-05, 4.790020830114372e-05, 6.462236342485994e-05, 4.405782965477556e-05, 5.161189255886711e-05, 4.582328983815387e-05, 4.6168181143002585e-05, 9.427373151993379e-05, 4.89973826915957e-05, 9.744317503646016e-05, 5.4053220083005726e-05, 6.94750779075548e-05, 4.161875767749734e-05, 5.076521847513504e-05, 5.112021608510986e-05, 4.458711919141933e-05, 8.947205787990242e-05, 9.138264431385323e-06, 4.0130908018909395e-05]",0.0,0.05,0.0
293,2,full,True,0.24817363917827606,"[0.06472350656986237, 0.021666143089532852, 0.006063276436179876, 0.024912934750318527, 0.01162709016352892, 0.03307786583900452, 0.0437067374587059, 0.0, 0.03623064607381821, 0.0027672310825437307, 4.888397961622104e-05, 8.468568557873368e-05, 7.535768236266449e-05, 7.7502139902208e-05, 8.883344708010554e-05, 8.714970317669213e-05, 2.9941476896055974e-05, 9.510648669674993e-05, 0.00010320506407879293, 7.9521989391651e-05, 8.310364501085132e-05, 7.79532128944993e-05, 8.407924906350672e-05, 8.03947914391756e-05, 8.374836761504412e-05, 8.424243424087763e-05, 8.46582479425706e-05, 7.877176540205255e-05, 8.097721001831815e-05, 8.350670395884663e-05, 8.538155816495419e-05, 0.00013416240108199418, 3.799139904003823e-06, 8.033994527067989e-05, 7.566639396827668e-05, 8.060980326263234e-05, 8.823673124425113e-05, 9.804109140532091e-05, 4.9296708311885595e-05, 9.529942326480523e-05, 8.333948790095747e-05, 9.718436194816604e-05, 0.00010266967001371086, 8.013801561901346e-05, 1.009309107757872e-05, 3.392657163203694e-05, 8.158298442140222e-05, 7.877200550865382e-05, 0.00011746423115255311, 7.880233897594735e-05, 7.942016964079812e-05, 4.016463935840875e-05, 2.114961898769252e-05, 0.0001110681623686105]",0.0,0.05,0.0
293,0,full,True,0.3424016237258911,"[0.14978908002376556, 0.0, 0.012088417075574398, 0.03755296766757965, 0.00444306805729866, 0.027223018929362297, 0.004956783261150122, 0.03344709053635597, 0.05444703996181488, 0.016434181481599808, 4.098707722732797e-05, 5.659259841195308e-05, 4.2568652133923024e-05, 2.4519218641216867e-05, 3.650800499599427e-05, 3.5356821172172204e-05, 2.8905817089253105e-05, 2.904558823502157e-05, 2.4688682970008813e-05, 1.1999559319519904e-05, 2.459062852722127e-05, 5.6929882703116164e-05, 2.4906699763960205e-05, 3.7691814213758335e-05, 2.9080802050884813e-05, 2.5754488888196647e-05, 3.380386624485254e-05, 1.2889439858554397e-05, 4.185285433777608e-05, 7.82004717621021e-05, 4.034922312712297e-05, 2.8183256290503778e-05, 0.00011375972826499492, 2.947690154542215e-05, 8.281791087938473e-05, 5.7202440075343475e-05, 5.2503153710858896e-05, 5.855990093550645e-05, 7.992826431291178e-05, 2.6244679247611202e-05, 2.6620804419508204e-05, 4.954085670760833e-05, 2.351748844375834e-05, 4.925603570882231e-05, 0.00015013766824267805, 4.305424226913601e-05, 1.109526874643052e-05, 4.743514728033915e-05, 6.0835292970295995e-05, 7.433612336171791e-05, 2.802538983814884e-05, 6.41425940557383e-05, 9.799120743991807e-05, 2.8108348487876356e-05]",0.0,0.05,0.0
1120,3,full,True,3.7114617824554443,"[0.19678151607513428, 0.5929816961288452, 0.45242607593536377, 0.534702718257904, 0.026678288355469704, 0.26726871728897095, 0.3845558166503906, 0.4040760397911072, 0.851990818977356, 0.0]",0.0,0.05,0.32222222222222224
1120,4,full,True,2.449385166168213,"[0.0, 0.09644191712141037, 0.4976334273815155, 0.4994724690914154, 0.17705149948596954, 0.21366673707962036, 0.2278098464012146, 0.19022181630134583, 0.2538067698478699, 0.29328063130378723]",0.0,0.05,0.17777777777777778
1120,1,full,True,3.892589807510376,"[0.9716360569000244, 0.449715793132782, 0.4382525086402893, 0.4361684322357178, 0.04571960121393204, 0.1718730628490448, 0.0, 0.5324746966362, 0.6661350727081299, 0.18061459064483643]",0.0,0.05,0.3333333333333333
1120,2,full,True,2.854062080383301,"[0.2707139253616333, 0.5605007410049438, 0.4147240221500397, 0.37965908646583557, 0.0, 0.2146959900856018, 0.39389321208000183, 0.07979818433523178, 0.19732610881328583, 0.3427508473396301]",0.0,0.05,0.2222222222222222
1120,0,full,True,2.9816763401031494,"[0.46009355783462524, 0.2701553702354431, 0.0, 0.2639920115470886, 0.13547255098819733, 0.1640906035900116, 0.258786678314209, 0.4588134288787842, 0.11630053073167801, 0.8539716601371765]",0.0,0.05,0.26666666666666666
41150,3,full,True,171.61953735351562,"[5.257720470428467, 4.895798683166504, 4.197979927062988, 2.161419630050659, 5.1203131675720215, 5.11502742767334, 4.940934181213379, 4.321637153625488, 5.200944900512695, 3.157132387161255, 0.9912058115005493, 3.931800365447998, 0.8166870474815369, 0.524716854095459, 4.512815952301025, 1.790340542793274, 0.0, 4.988390922546387, 3.0700020790100098, 3.0427730083465576, 4.938325881958008, 3.61971116065979, 5.2236809730529785, 0.4359005391597748, 5.0246195793151855, 1.7078273296356201, 5.138072490692139, 1.3877925872802734, 0.789797842502594, 5.373075008392334, 5.108357906341553, 5.026171684265137, 4.514898300170898, 2.225022554397583, 3.398644208908081, 5.125075340270996, 3.692976951599121, 5.0720415115356445, 2.346440076828003, 5.159561634063721, 5.511513710021973, 3.850649833679199, 5.038577079772949, 5.3190813064575195, 0.25161153078079224, 0.7953077554702759, 0.03494422137737274, 0.16592277586460114, 4.324410915374756, 2.981879234313965]",0.86,0.05,0.3824489795918367
41150,4,full,True,272.00006103515625,"[0.03013806790113449, 6.075235366821289, 2.409075975418091, 2.8691930770874023, 4.327640056610107, 4.966270923614502, 10.160368919372559, 9.238659858703613, 3.787741184234619, 3.5188684463500977, 10.292713165283203, 8.174763679504395, 9.964982986450195, 13.244976997375488, 4.069446086883545, 5.767348289489746, 1.5912375450134277, 3.3098576068878174, 7.128843784332275, 0.0, 0.9857603311538696, 7.070729732513428, 2.541278123855591, 4.7443671226501465, 7.152824878692627, 16.664525985717773, 1.6396613121032715, 5.551992893218994, 4.394389629364014, 2.40863299369812, 15.09360408782959, 13.034629821777344, 0.47100263833999634, 2.8220505714416504, 5.794060707092285, 0.24832308292388916, 0.6860182285308838, 3.5646469593048096, 5.127374172210693, 1.8639098405838013, 0.1182543933391571, 12.743900299072266, 0.6751056909561157, 5.879395008087158, 8.357437133789062, 9.096944808959961, 10.166526794433594, 3.522563934326172, 0.3039926290512085, 8.348806381225586]",0.84,0.05,0.46285714285714286
41150,1,full,True,182.03594970703125,"[5.840264797210693, 0.5620731115341187, 5.412290096282959, 5.586539268493652, 5.223799705505371, 1.9641900062561035, 4.404362678527832, 1.6203738451004028, 5.426441192626953, 0.41647642850875854, 0.9731055498123169, 2.313528299331665, 5.121603012084961, 5.67216682434082, 4.883589744567871, 2.033426523208618, 5.360869884490967, 4.184954643249512, 5.92773962020874, 1.33339262008667, 5.520106792449951, 5.200007438659668, 0.2974216341972351, 5.4751410484313965, 5.235068321228027, 4.998481750488281, 2.604156255722046, 0.7657003402709961, 2.975792407989502, 5.01334285736084, 0.22065114974975586, 5.311642169952393, 0.11440849304199219, 5.2019524574279785, 5.276763916015625, 0.0, 3.070004940032959, 4.633220672607422, 5.1396403312683105, 3.4859609603881836, 4.192048072814941, 5.939540386199951, 1.764247179031372, 1.9373607635498047, 0.08278380334377289, 4.934418678283691, 4.909101486206055, 5.1335015296936035, 3.0110793113708496, 5.331207752227783]",0.86,0.05,0.4110204081632653
41150,2,full,True,175.60638427734375,"[0.025401420891284943, 0.7111487984657288, 3.8112435340881348, 1.1428678035736084, 4.2212347984313965, 0.0, 5.089451313018799, 5.5020575523376465, 0.8886180520057678, 2.18546199798584, 5.017515659332275, 4.824316024780273, 5.179502964019775, 5.488665580749512, 5.244853973388672, 3.0975303649902344, 2.2747998237609863, 1.2553319931030273, 2.854853868484497, 3.168422222137451, 5.420085906982422, 1.1379181146621704, 5.49397087097168, 3.579014301300049, 5.215953350067139, 3.9116196632385254, 5.243039131164551, 4.139723777770996, 0.16220523416996002, 4.970478534698486, 0.10137768089771271, 4.812095642089844, 1.7959403991699219, 2.8391478061676025, 4.7975969314575195, 0.42082032561302185, 5.194748878479004, 3.835712432861328, 5.2535505294799805, 4.945143222808838, 0.31475499272346497, 2.1013474464416504, 5.337710380554199, 5.318455219268799, 4.9612135887146, 5.241913318634033, 5.459108352661133, 1.739013433456421, 4.964812278747559, 4.91463041305542]",0.88,0.05,0.40816326530612246
41150,0,full,True,170.30245971679688,"[0.7793756723403931, 5.066080570220947, 4.2279744148254395, 4.955045223236084, 5.035816192626953, 5.080061435699463, 2.3125736713409424, 5.195807456970215, 5.197716236114502, 5.100592613220215, 3.0042331218719482, 0.18295715749263763, 4.34009313583374, 0.0, 2.6489810943603516, 3.7610936164855957, 1.3889620304107666, 3.7803735733032227, 2.0169103145599365, 4.999922275543213, 5.243616580963135, 1.7458492517471313, 4.984174728393555, 0.3004516363143921, 4.832818031311035, 4.007388114929199, 5.193009853363037, 5.185973644256592, 0.8305919170379639, 5.232566833496094, 5.059479236602783, 4.813240051269531, 2.125446319580078, 1.2113515138626099, 4.4520649909973145, 0.07948815822601318, 4.217360496520996, 4.438210964202881, 3.579030752182007, 1.3436217308044434, 0.39663296937942505, 2.55076003074646, 4.601494789123535, 5.077083587646484, 1.4114654064178467, 5.1758222579956055, 5.32133674621582, 0.01189415156841278, 2.768585443496704, 5.037087440490723]",0.88,0.05,0.38081632653061226
23,3,full,True,3.073486328125,"[0.0, 0.8612456917762756, 0.7650219798088074, 0.3345753848552704, 0.2481624186038971, 0.2824575901031494, 0.20861534774303436, 0.19244413077831268, 0.18096384406089783]",0.0,0.05,0.2916666666666667
23,4,full,True,1.8905528783798218,"[0.36488863825798035, 0.0, 0.17456656694412231, 0.19645051658153534, 0.30411115288734436, 0.25128868222236633, 0.20955508947372437, 0.1909126341342926, 0.19877956807613373]",0.0,0.05,0.1111111111111111
23,1,full,True,3.146498918533325,"[0.0, 0.5545125007629395, 0.3794342279434204, 0.34541499614715576, 0.055250100791454315, 0.5294286608695984, 0.5410336852073669, 0.3747873902320862, 0.3666374385356903]",0.0,0.05,0.20833333333333334
23,2,full,True,1.7681372165679932,"[0.3142668902873993, 0.18581727147102356, 0.1718994677066803, 0.2861442565917969, 0.1962049901485443, 0.2205284833908081, 0.21071356534957886, 0.18256226181983948, 0.0]",0.0,0.05,0.1111111111111111
23,0,full,True,4.215549468994141,"[0.4010014533996582, 0.04845377057790756, 0.8322599530220032, 0.0, 0.24441617727279663, 0.24485741555690765, 0.8557565212249756, 0.7390668392181396, 0.8497373461723328]",0.0,0.05,0.3888888888888889
54,3,full,True,19.772056579589844,"[1.0115993022918701, 2.4507510662078857, 0.4124176502227783, 0.0, 1.2242358922958374, 2.957969903945923, 0.14115428924560547, 0.8387416005134583, 1.487659215927124, 1.2317744493484497, 1.23336923122406, 0.8847667574882507, 1.1556479930877686, 0.9793263077735901, 2.0409107208251953, 1.185377836227417, 0.06872202455997467, 0.46763333678245544]",0.5,0.05,0.3954248366013072
54,4,full,True,23.501880645751953,"[1.689389705657959, 0.4169192910194397, 0.35517799854278564, 0.6811033487319946, 0.4479229748249054, 1.1973956823349, 0.7007513046264648, 3.0156359672546387, 2.7700002193450928, 2.8098549842834473, 1.6308578252792358, 2.4715981483459473, 0.7099355459213257, 1.7127333879470825, 1.7315973043441772, 0.9725624918937683, 0.0, 0.18844492733478546]",0.5555555555555556,0.05,0.4477124183006536
54,1,full,True,22.563459396362305,"[0.9830784797668457, 0.046366456896066666, 1.6388930082321167, 0.408672571182251, 2.4841907024383545, 0.45098286867141724, 1.373104214668274, 3.387676954269409, 0.2744690477848053, 0.9075586795806885, 2.8518662452697754, 0.7247805595397949, 1.5953583717346191, 1.5460644960403442, 1.5119603872299194, 1.4959614276885986, 0.8824765086174011, 0.0]",0.5,0.05,0.42483660130718953
54,2,full,True,21.83780860900879,"[1.498611330986023, 2.1646945476531982, 2.4872453212738037, 2.238077163696289, 0.4612211287021637, 0.7806228995323181, 2.344529390335083, 0.17888230085372925, 1.1918598413467407, 1.139014720916748, 1.8168277740478516, 1.8981449604034424, 0.9030889272689819, 0.0, 2.3014235496520996, 0.14107903838157654, 0.14414596557617188, 0.14833909273147583]",0.6666666666666666,0.05,0.42810457516339867
54,0,full,True,17.934528350830078,"[1.867063045501709, 0.5821524858474731, 3.108670473098755, 0.5988967418670654, 0.04458656162023544, 0.5667833685874939, 0.0, 0.577703595161438, 1.8017696142196655, 2.127365827560425, 2.637453556060791, 0.6126642823219299, 0.15646743774414062, 0.3876800835132599, 0.3786871135234833, 1.432057499885559, 0.429793119430542, 0.6247312426567078]",0.3333333333333333,0.05,0.3888888888888889
37,3,full,True,5.3371429443359375,"[0.9426976442337036, 0.0, 1.3853052854537964, 0.6745540499687195, 0.470708429813385, 0.09485220909118652, 1.5686767101287842, 0.20034897327423096]",0.25,0.05,0.5
37,4,full,True,4.483500957489014,"[1.3566926717758179, 0.04231290891766548, 0.24228042364120483, 0.529259204864502, 0.399550199508667, 0.45323923230171204, 0.0, 1.4601664543151855]",0.25,0.05,0.4107142857142857
37,1,full,True,5.199113845825195,"[1.4024635553359985, 1.2331156730651855, 0.47247880697250366, 0.4621475338935852, 0.525400698184967, 0.0, 0.9165087938308716, 0.18699872493743896]",0.25,0.05,0.42857142857142855
37,2,full,True,5.118021011352539,"[1.6100658178329468, 0.23078826069831848, 0.5354554653167725, 0.8310589790344238, 0.721666693687439, 1.0327579975128174, 0.0, 0.15622805058956146]",0.25,0.05,0.48214285714285715
37,0,full,True,4.690307140350342,"[1.2023553848266602, 1.7161465883255005, 0.1451457291841507, 0.42806002497673035, 0.05557485669851303, 0.750967800617218, 0.0, 0.39205682277679443]",0.25,0.05,0.48214285714285715
36,3,full,True,24.829763412475586,"[1.882004976272583, 0.38465023040771484, 0.06479212641716003, 0.8703004121780396, 1.123242974281311, 1.957327127456665, 1.9541617631912231, 1.597083568572998, 0.20713895559310913, 0.0, 1.621582269668579, 1.7626038789749146, 2.036076307296753, 1.1553406715393066, 0.5557073354721069, 2.0827159881591797, 1.9809165000915527, 1.259997844696045, 2.334120750427246]",0.10526315789473684,0.05,0.3216374269005848
36,4,full,True,22.615821838378906,"[1.5318588018417358, 1.887438416481018, 0.8218138217926025, 1.6281611919403076, 0.3930511474609375, 0.6299468278884888, 1.569610595703125, 0.2905426621437073, 2.3837265968322754, 0.26792508363723755, 3.08150053024292, 0.0, 0.34249570965766907, 0.6999658346176147, 0.6516534090042114, 0.4985193610191345, 0.3553493320941925, 1.0979571342468262, 4.484305381774902]",0.42105263157894735,0.05,0.40058479532163743
36,1,full,True,26.116235733032227,"[1.1952228546142578, 1.0893253087997437, 1.1237890720367432, 0.04531281441450119, 1.1482157707214355, 1.8456802368164062, 1.3510380983352661, 0.4347826838493347, 0.9500356316566467, 1.973990559577942, 4.299595355987549, 0.0, 0.6323563456535339, 1.2297602891921997, 2.9875385761260986, 0.3432101011276245, 1.6538264751434326, 1.691795825958252, 2.1207592487335205]",0.3684210526315789,0.05,0.39766081871345027
36,2,full,True,24.5023193359375,"[1.0773298740386963, 1.4202483892440796, 1.4315935373306274, 1.273902416229248, 1.026159405708313, 3.746978998184204, 1.5191645622253418, 3.296196937561035, 0.5278137922286987, 0.8510797023773193, 0.8095972537994385, 0.5162957906723022, 0.11127608269453049, 0.0, 0.6833733320236206, 1.4220941066741943, 0.7920297384262085, 3.3532369136810303, 0.6439493894577026]",0.42105263157894735,0.05,0.40350877192982454
36,0,full,True,25.118350982666016,"[0.9882041811943054, 2.9682979583740234, 1.359084129333496, 1.4949939250946045, 0.08484311401844025, 1.2989935874938965, 1.743632197380066, 1.5781209468841553, 0.8443393111228943, 2.3959388732910156, 0.35624629259109497, 2.414628267288208, 2.2254388332366943, 0.8055208921432495, 3.0880074501037598, 0.5132182836532593, 0.24412253499031067, 0.7147205471992493, 0.0]",0.47368421052631576,0.05,0.4152046783625731
151,3,full,True,3.28996205329895,"[0.2656945586204529, 0.0, 0.3572865128517151, 0.9551821947097778, 0.3150585889816284, 0.40933555364608765, 0.9425110816955566, 0.04489345848560333]",0.0,0.05,0.39285714285714285
151,4,full,True,3.16738224029541,"[0.661255419254303, 0.7869976162910461, 0.18923348188400269, 0.9727523326873779, 0.3144107758998871, 0.1856500506401062, 0.0, 0.057082392275333405]",0.0,0.05,0.4642857142857143
151,1,full,True,3.3976259231567383,"[0.6417413949966431, 0.3654046058654785, 0.7887603044509888, 0.0, 0.45636165142059326, 0.922754168510437, 0.17961466312408447, 0.04298904910683632]",0.0,0.05,0.375
151,2,full,True,3.112807273864746,"[0.3579486310482025, 0.7903954982757568, 0.4140588045120239, 0.05144459009170532, 0.9329412579536438, 0.38857126235961914, 0.0, 0.1774473637342453]",0.0,0.05,0.4107142857142857
151,0,full,True,3.1826963424682617,"[0.6992465257644653, 0.43229183554649353, 0.5639846920967102, 0.0, 0.150204598903656, 0.9626175761222839, 0.3271862864494324, 0.04716484248638153]",0.0,0.05,0.42857142857142855
53,3,full,True,9.2347412109375,"[1.578479290008545, 0.188948392868042, 0.4649962782859802, 1.8060855865478516, 0.6354127526283264, 0.6630063652992249, 0.40793830156326294, 1.2259714603424072, 0.0, 1.2125623226165771, 0.08918417245149612, 0.5142409801483154, 0.4479156732559204]",0.3076923076923077,0.05,0.40384615384615385
53,4,full,True,11.168563842773438,"[0.8983844518661499, 1.3208435773849487, 0.5530074238777161, 2.0444042682647705, 1.6760681867599487, 0.0, 0.12908056378364563, 0.20222605764865875, 0.032861821353435516, 0.7623134255409241, 1.3186454772949219, 0.9153198003768921, 1.3154081106185913]",0.15384615384615385,0.05,0.46153846153846156
53,1,full,True,10.864778518676758,"[0.0, 0.3117098808288574, 0.23052111268043518, 1.028658151626587, 0.7915946245193481, 1.8579299449920654, 0.5511870384216309, 0.7467917203903198, 1.830066204071045, 0.07603125274181366, 0.8785408139228821, 1.6110377311706543, 0.9507098197937012]",0.23076923076923078,0.05,0.4551282051282051
53,2,full,True,11.341129302978516,"[0.012855490669608116, 1.2516061067581177, 1.1340959072113037, 0.9229093194007874, 0.9044755697250366, 0.0666857436299324, 0.0, 0.7865687012672424, 0.2559124529361725, 0.6736210584640503, 2.1406984329223633, 1.288144588470459, 1.903556227684021]",0.15384615384615385,0.05,0.4358974358974359
53,0,full,True,9.914999008178711,"[1.1809849739074707, 1.9616172313690186, 1.333813190460205, 0.0, 1.4270671606063843, 1.4830669164657593, 0.27908560633659363, 0.44741612672805786, 0.5010188221931458, 0.7959332466125488, 0.15334583818912506, 0.328901082277298, 0.022748209536075592]",0.23076923076923078,0.05,0.4551282051282051
