dataset_id,dataset_alias,method,method_label,accuracy,macro_f1,auc,log_loss,brier,ece,training_seconds,inference_seconds
3,kr-vs-kp,ban,BAN,0.95875,0.9586661237203952,0.9908105568990413,0.13172165541890207,0.06986847597964589,0.03274097443293126,0.07495845439843833,0.11083591980859638
3,kr-vs-kp,catboost,CatBoost,0.9941666666666666,0.9941537534818782,0.9994676316567791,0.02081865893765787,0.00976079842715273,0.004916680366759663,2.5465246002189814,0.017975105345249175
3,kr-vs-kp,chow_liu,Chow-Liu,0.9079166666666666,0.906627041811974,0.9319020859792273,0.33846007899247604,0.2026225231441324,0.13396408051522257,0.6861751894000918,0.08628451060503721
3,kr-vs-kp,dbnc,DBNC,0.9845833333333334,0.9845426647961546,0.9979853511717323,0.049592227369744835,0.02601726033366496,0.011326239447013036,11.53001353503205,0.006907213665544987
3,kr-vs-kp,ft_transformer,FT-Transformer,0.9875,0.9874725596033738,0.9985003218566781,0.034729235972158365,0.0171987688889189,0.008257672157527101,9.579002722166479,0.007061214791610837
3,kr-vs-kp,kdb_1,KDB-1,0.9420833333333334,0.9419997555578318,0.985010177630091,0.16704290773926872,0.09421562106236557,0.03867715233139512,0.06448539635166525,0.10594399394467473
3,kr-vs-kp,kdb_2,KDB-2,0.95875,0.9586661237203952,0.9908105568990413,0.13172165541890207,0.06986847597964589,0.03274097443293126,0.07473385320045053,0.11167104383930564
3,kr-vs-kp,kdb_3,KDB-3,0.9554166666666667,0.955284509437579,0.9927834513474487,0.11630603772067867,0.06165475654596577,0.020701346640866293,0.08395191892050206,0.114379737759009
3,kr-vs-kp,lightgbm,LightGBM,0.9920833333333334,0.9920651449360454,0.9995737573722577,0.030093210962700113,0.013158679352559221,0.014090768469975073,0.3061021405737847,0.05207240558229387
3,kr-vs-kp,nb,NB,0.8612500000000001,0.8607007062880216,0.9470067328937525,0.299250246310445,0.19134651063003036,0.045585854550929575,0.05344388480298221,0.09857932715676725
3,kr-vs-kp,tan,TAN,0.9225,0.9224696658017052,0.9803824005288888,0.1988046968547092,0.11328117945288414,0.03414139365235699,0.06483467742800712,0.10657240441069007
3,kr-vs-kp,xgboost,XGBoost,0.9916666666666668,0.9916492484877611,0.9995024269733295,0.030187666223575604,0.013347284379795581,0.01214500006591061,0.17829309864901005,0.025241494784131645
6,letter,ban,BAN,0.8808666666666667,0.8806827597580977,0.9958547749550124,0.4788522611755296,0.17912385702456107,0.05688611454286295,0.21467379569076,3.606061126757413
6,letter,catboost,CatBoost,0.9603999999999999,0.9602613804215512,0.9996634181766121,0.14189043046272315,0.06275923950249053,0.0379349754702301,35.92679242775775,0.00945573216304183
6,letter,chow_liu,Chow-Liu,0.7132666666666667,0.714167747086167,0.9753914481235999,1.1957510442892922,0.40405029277359183,0.09547967511399799,0.4113838676828891,3.013511551171541
6,letter,dbnc,DBNC,0.9170666666666666,0.9168423583964154,0.998122322996435,0.27011085933219364,0.11932649253009724,0.011681533439394728,149.6681903711986,0.14522707774303853
6,letter,ft_transformer,FT-Transformer,0.9668666666666667,0.9668041225408934,0.9997061144481533,0.10550306598705547,0.05007172151115609,0.011904137029625141,83.32428302322515,0.037225074926391245
6,letter,kdb_1,KDB-1,0.8457333333333332,0.8457359548675463,0.9938682709360107,0.6276853291618858,0.23138576553716103,0.07301806582969084,0.179269482800737,3.464021709794179
6,letter,kdb_2,KDB-2,0.8808666666666667,0.8806827597580977,0.9958547749550124,0.4788522611755296,0.17912385702456107,0.05688611454286295,0.2173475102055818,3.596556843724102
6,letter,kdb_3,KDB-3,0.8827999999999999,0.8826140560446408,0.9954079350617233,0.4637704497608275,0.17256405738219915,0.04609943505559509,0.25205523716285827,3.730341563001275
6,letter,lightgbm,LightGBM,0.9698666666666667,0.9697783966389277,0.9997531075207409,0.10784157112834933,0.047570009425165094,0.016152098731168713,10.598298711981624,2.736022463394329
6,letter,nb,NB,0.7041333333333333,0.704513511018313,0.9745641819296329,1.2831539819036333,0.42081344879004295,0.1102558414668667,0.14716852600686253,3.261463477741927
6,letter,tan,TAN,0.8467333333333334,0.8469041499847079,0.9941646673920423,0.6543311818117792,0.2315841725156716,0.07805613679488307,0.18480233899317683,3.4708826170302927
6,letter,xgboost,XGBoost,0.9614666666666667,0.961355582689898,0.9996496790173648,0.12130359158644785,0.05706885702420422,0.01114511922793075,8.252108188392594,0.29621944613754747
15,breast-w,ban,BAN,0.96,0.9561066228320808,0.9882447665056361,0.14002939382982976,0.06505997160168632,0.03696197853721985,0.004592873016372323,0.006573628587648273
15,breast-w,catboost,CatBoost,0.9733333333333333,0.9709126773832656,0.9917874396135267,0.09215931817488945,0.04974295705805458,0.040997971505823294,0.1327133873477578,0.0006957038305699826
15,breast-w,chow_liu,Chow-Liu,0.9466666666666667,0.9408933908495032,0.9873993558776167,0.1543457636234227,0.07780768455419387,0.04322353305824571,0.03775181658565998,0.005658282851800323
15,breast-w,dbnc,DBNC,0.9657142857142856,0.9624061013983229,0.9896940418679548,0.11162960959304558,0.05534664413657383,0.03273405090472179,1.448526325589046,0.002811346994712949
15,breast-w,ft_transformer,FT-Transformer,0.9676190476190476,0.9646214522570355,0.9916264090177134,0.09978487425700575,0.05203326859464471,0.03428894818166402,1.557481288164854,0.0021799827460199594
15,breast-w,kdb_1,KDB-1,0.9638095238095238,0.9601435378312596,0.9862318840579711,0.22129078845337063,0.06714051424964039,0.0357315724991137,0.003996211336925626,0.006112805148586631
15,breast-w,kdb_2,KDB-2,0.96,0.9561066228320808,0.9882447665056361,0.14002939382982976,0.06505997160168632,0.03696197853721985,0.00457625319249928,0.006335838511586189
15,breast-w,kdb_3,KDB-3,0.9428571428571428,0.9365754078821741,0.9818840579710144,0.17357687918962011,0.08470382126633764,0.04767260971726271,0.00501393754966557,0.006585481250658632
15,breast-w,lightgbm,LightGBM,0.9619047619047618,0.9581053062165603,0.9916264090177134,0.15650305843768328,0.06038855622492152,0.036208499673113445,0.03740104623138905,0.0022304526064544916
15,breast-w,nb,NB,0.9676190476190476,0.9644350151630305,0.9896940418679548,0.20703318628817816,0.057599886787931695,0.03269744072387261,0.003420069348067045,0.00590575416572392
15,breast-w,tan,TAN,0.9695238095238095,0.9666633849186477,0.9894524959742352,0.12214221071547318,0.05570901200089058,0.035435498515770006,0.00392267326824367,0.00606761290691793
15,breast-w,xgboost,XGBoost,0.9676190476190476,0.9644560704934502,0.990901771336554,0.09769979714451835,0.05380621504419285,0.03258722085187733,0.02827328718267381,0.0015274203382432462
23,cmc,ban,BAN,0.5212669683257919,0.4833226256208514,0.707080573404707,1.0302825617876672,0.6067273869967073,0.15437553596425985,0.009753945330157877,0.019902231451123954
23,cmc,catboost,CatBoost,0.5411764705882354,0.5042122762805263,0.7387161534483704,0.9199324318987084,0.5492965767813314,0.07329833209209112,1.2696687975898384,0.0042167794425040485
23,cmc,chow_liu,Chow-Liu,0.5122171945701358,0.46636834658087556,0.6843521311641128,0.9562020678359907,0.5759538244439343,0.07228312455697335,0.04443049915134907,0.017263605445623397
23,cmc,dbnc,DBNC,0.502262443438914,0.46429710767195137,0.6894417168746096,1.0070330154745426,0.6066432044841187,0.10236966253197595,2.327941983193159,0.003069992270320654
23,cmc,ft_transformer,FT-Transformer,0.5357466063348417,0.4955883435333755,0.7165790141807261,0.9487691120779049,0.5690296395979432,0.08213477678638126,3.951790803577751,0.0037923014722764494
23,cmc,kdb_1,KDB-1,0.5149321266968325,0.49441633126891993,0.7035313121806374,1.0137850925157859,0.6003216299133194,0.13084012179886453,0.008135710610076785,0.018887870572507383
23,cmc,kdb_2,KDB-2,0.5212669683257919,0.4833226256208514,0.707080573404707,1.0302825617876672,0.6067273869967073,0.15437553596425985,0.009550675004720687,0.020033847074955702
23,cmc,kdb_3,KDB-3,0.5031674208144796,0.48204162148661905,0.6887631089417876,1.236753561298783,0.6818062997386709,0.24298056950168295,0.011128697032108902,0.020739804580807687
23,cmc,lightgbm,LightGBM,0.5212669683257919,0.49564456747875835,0.7096479091885657,0.9961992696851312,0.5930874958154118,0.1379891059600463,0.3045123279560357,0.040443315217271444
23,cmc,nb,NB,0.5149321266968325,0.5030687757165678,0.7092925666318644,1.0021229807769279,0.5994292350770429,0.13238638768097516,0.006878107832744717,0.018042196054011583
23,cmc,tan,TAN,0.5194570135746607,0.4837997832460278,0.6954781583877833,1.0020127929991,0.597888911583279,0.11666852671289493,0.008487864444032312,0.01879840474575758
23,cmc,xgboost,XGBoost,0.542081447963801,0.5145320872976697,0.7291316846437214,0.9234678886933508,0.5547570413002951,0.08060358054894459,0.35686646923422816,0.014781034039333462
24,mushroom,ban,BAN,1.0,1.0,1.0,3.5129187614161698e-09,6.221454961824612e-14,3.512903079538887e-09,0.11300502032972873,0.16891498458571733
24,mushroom,catboost,CatBoost,1.0,1.0,1.0,0.002103293309102756,0.00030469145966237354,0.0020068885670406445,1.0157078209798782,0.016890281205996872
24,mushroom,chow_liu,Chow-Liu,0.9844134536505333,0.9843709068755292,0.989457203116866,0.06724288796520783,0.03006768829753877,0.0016561569294031519,0.39579888540320096,0.13387986258603632
24,mushroom,dbnc,DBNC,0.9993437243642329,0.999342828801242,0.9999757401936472,0.002285881066989586,0.0010556193131860197,0.0005492108502598371,17.496051180455833,0.011119154188781977
24,mushroom,ft_transformer,FT-Transformer,0.9996718621821165,0.9996714533674009,1.0,0.001948669985597857,0.0006451553622565551,0.0003381886404030032,48.170030758203936,0.012937381537631154
24,mushroom,kdb_1,KDB-1,0.9975389663658737,0.997535396745634,0.9999778976437964,0.006716855279100799,0.0037095924800437502,0.0027018670546080418,0.09963242863304914,0.16209894940257072
24,mushroom,kdb_2,KDB-2,1.0,1.0,1.0,3.5129187614161698e-09,6.221454961824612e-14,3.512903079538887e-09,0.11374853779561818,0.1682278273627162
24,mushroom,kdb_3,KDB-3,1.0,1.0,1.0,7.781895544344024e-11,4.5349503066571794e-17,7.781875144274863e-11,0.1258889978285879,0.17356645716354252
24,mushroom,lightgbm,LightGBM,1.0,1.0,1.0,2.7346243107298416e-06,2.9374408668400806e-10,2.734550869476493e-06,0.20816097343340517,0.03159835715778172
24,mushroom,nb,NB,0.9917965545529123,0.9917840545879107,0.9997169718028402,0.021743215597073633,0.011508608185239962,0.00572215487483809,0.08219423745758832,0.1519265695475042
24,mushroom,tan,TAN,1.0,1.0,1.0,8.783194952888467e-10,1.3700202195359895e-15,8.783190397210205e-10,0.09727129153907299,0.15966118653304875
24,mushroom,xgboost,XGBoost,1.0,1.0,1.0,0.0006684920783124043,0.00010396142693260298,0.0006356470130140728,0.2738488253671676,0.020643847435712813
28,optdigits,ban,BAN,0.9456702253855278,0.9456662998126802,0.9976883405178354,0.32044447266270415,0.08969883298365866,0.039395120658534746,0.23162565222010018,1.4912908556405455
28,optdigits,catboost,CatBoost,0.9805456702253854,0.9805669140326791,0.9996904081682526,0.06659832669262031,0.02983120596178961,0.016480892225464373,13.395555918617173,0.0061145844403654335
28,optdigits,chow_liu,Chow-Liu,0.9003558718861211,0.9010781086721684,0.9921565356050376,0.5157537875476402,0.16288006945932224,0.06641351040202323,2.2676592647563667,1.1602117729838937
28,optdigits,dbnc,DBNC,0.9565836298932385,0.9566503748307488,0.9983636841395487,0.18831165882987425,0.06955745640491423,0.02621717072890638,121.24058529483155,0.10639413413591683
28,optdigits,ft_transformer,FT-Transformer,0.971767497034401,0.971750124698536,0.998734590636472,0.10214317856574717,0.0448623983384983,0.012461476402474334,6.981307577388361,0.010242187371477484
28,optdigits,kdb_1,KDB-1,0.9568208778173192,0.957016701994789,0.9982799780087432,0.25813198697017464,0.07586312356202711,0.035736211843898684,0.1955190172418952,1.4112481377553194
28,optdigits,kdb_2,KDB-2,0.9456702253855278,0.9456662998126802,0.9976883405178354,0.32044447266270415,0.08969883298365866,0.039395120658534746,0.23342377254739405,1.4795458955690264
28,optdigits,kdb_3,KDB-3,0.9402135231316725,0.9404557661167899,0.9971301079583789,0.2492496408228156,0.09282292131724877,0.0339095791291482,0.2718535883817822,1.5396704302169382
28,optdigits,lightgbm,LightGBM,0.9833926453143536,0.9834068097375768,0.9997524858953616,0.07027296156322478,0.026554351618961764,0.012056046321758183,1.2419187866616994,0.10153744616545737
28,optdigits,nb,NB,0.913167259786477,0.9138681251605292,0.994227483977595,0.6080582275094668,0.14989818513615952,0.06646430932913935,0.16318664378486575,1.3447735293768346
28,optdigits,tan,TAN,0.9563463819691578,0.9565459981006145,0.9981626530624859,0.27439470179962794,0.07495954876870262,0.03398538023449443,0.2044189313892275,1.4542964116670192
28,optdigits,xgboost,XGBoost,0.9800711743772241,0.9800966316204885,0.999599947285272,0.06683228837127425,0.030640088419026112,0.010993615817948985,1.6481516403146088,0.02324857101775706
29,credit-approval,ban,BAN,0.8826923076923077,0.8802797737577294,0.9288605697151425,0.35142451446050715,0.19045921025719476,0.06569942913197473,0.007935948390513658,0.01016404596157372
29,credit-approval,catboost,CatBoost,0.8826923076923077,0.8808235102754212,0.9422038980509745,0.3837447645027373,0.1883350028712186,0.082229468765003,2.8610970420762896,0.003891014587134123
29,credit-approval,chow_liu,Chow-Liu,0.8903846153846153,0.8896519087765136,0.892016491754123,0.3562665051348983,0.2044602077071246,0.06825403336113825,0.09773934595286846,0.008476004796102643
29,credit-approval,dbnc,DBNC,0.8653846153846153,0.8628903453336229,0.9326086956521739,0.3580738098017452,0.21249862146338772,0.09136140690066757,1.5343637839891016,0.004793874360620976
29,credit-approval,ft_transformer,FT-Transformer,0.8692307692307691,0.8665519593232066,0.926911544227886,0.3380359964032116,0.19569988219752107,0.07073969908254152,1.0389979771804065,0.002483284752815962
29,credit-approval,kdb_1,KDB-1,0.8711538461538462,0.8678972055970819,0.9275112443778111,0.3561525957086612,0.2019326314059639,0.07835996774882657,0.006460199784487486,0.009675292437896133
29,credit-approval,kdb_2,KDB-2,0.8826923076923077,0.8802797737577294,0.9288605697151425,0.35142451446050715,0.19045921025719476,0.06569942913197473,0.007776312809437513,0.010069950576871633
29,credit-approval,kdb_3,KDB-3,0.8826923076923077,0.8801647395819077,0.9254122938530734,0.3622443027844839,0.19370932072940789,0.06301828592605116,0.009447051351889968,0.010542649775743484
29,credit-approval,lightgbm,LightGBM,0.8692307692307694,0.8669536867752692,0.9355322338830584,0.3263596003432574,0.18741274574042166,0.06917899756643289,0.10024357517249882,0.010886775609105826
29,credit-approval,nb,NB,0.8692307692307691,0.8660623625030966,0.9233883058470764,0.3905551272855966,0.2095245769466374,0.08523541494532347,0.005226793978363275,0.009126361552625894
29,credit-approval,tan,TAN,0.8596153846153847,0.8557567368501422,0.9152923538230885,0.43135076033720204,0.22140003912718428,0.09449366563101405,0.006509694224223495,0.009888315526768564
29,credit-approval,xgboost,XGBoost,0.8634615384615385,0.8609278853442189,0.9295352323838081,0.4507332599312971,0.21164267046762833,0.10382253345191035,0.09084669039584696,0.007049659779295325
36,segment,ban,BAN,0.9533141210374639,0.9531874486776697,0.9976183204195805,0.15127479167708607,0.0718152110562196,0.02839856878952483,0.029515737434849143,0.14375810483470558
36,segment,catboost,CatBoost,0.9815561959654179,0.9814204261424745,0.9996595091080778,0.04728894002658498,0.025265190424406326,0.01700233895623866,10.100262908404693,0.0022336436435580254
36,segment,chow_liu,Chow-Liu,0.9181556195965419,0.9178039206557413,0.9922478831795363,0.23743135134352,0.12068788513303337,0.031627638261030745,0.19306125533767043,0.11707473793067039
36,segment,dbnc,DBNC,0.9487031700288184,0.9485586739432342,0.9959775439117994,0.16040280163435222,0.07906511763000094,0.020933402335309527,4.800367901707068,0.004505425458773971
36,segment,ft_transformer,FT-Transformer,0.9688760806916428,0.9688444011861099,0.9982457569215548,0.09710593007389184,0.045064827360368556,0.019119572417759703,6.533002266986296,0.005178487254306674
36,segment,kdb_1,KDB-1,0.9590778097982708,0.9591301537038825,0.9980254403862128,0.17931468792581967,0.06741712180212497,0.029715942378417504,0.025452073523774744,0.13759637298062444
36,segment,kdb_2,KDB-2,0.9533141210374639,0.9531874486776697,0.9976183204195805,0.15127479167708607,0.0718152110562196,0.02839856878952483,0.029509275546297432,0.14366219080984594
36,segment,kdb_3,KDB-3,0.9429394812680115,0.9429038618234726,0.9962431868861126,0.3327003943828556,0.09362740530804506,0.04048228517253562,0.03289446528069675,0.14874433102086188
36,segment,lightgbm,LightGBM,0.9844380403458214,0.9844217082989049,0.9997476903774671,0.05884511086345852,0.025104059446565723,0.013029764764206347,0.5948593930341304,0.03697414654307067
36,segment,nb,NB,0.9095100864553315,0.9086190124618083,0.9890623347240248,0.5335971776699381,0.15347383181505134,0.07229177752225256,0.021419899864122273,0.13071614424698055
36,segment,tan,TAN,0.9556195965417867,0.9556236219543986,0.9973233886599179,0.18071488532444535,0.07406646034406035,0.032631030503609555,0.02629614700563252,0.13924701595678926
36,segment,xgboost,XGBoost,0.9832853025936601,0.9832506931734682,0.9996581732957571,0.04893680378235845,0.02375690506804662,0.016905117624347845,0.7668998915236444,0.008831595769152045
37,diabetes,ban,BAN,0.753448275862069,0.7087574937129192,0.8181138211382114,0.49653917511462786,0.3272530106345767,0.07940926306772705,0.005116823175922036,0.007243421813473106
37,diabetes,catboost,CatBoost,0.746551724137931,0.714733480288154,0.8081300813008129,0.8077169609580622,0.39687185804931785,0.17740246253660436,0.6196313935797662,0.000875829765573144
37,diabetes,chow_liu,Chow-Liu,0.7327586206896551,0.6934832797400358,0.7789918699186992,0.5339597798629983,0.35456672848681753,0.055668743318294175,0.035555600421503186,0.00612380444072187
37,diabetes,dbnc,DBNC,0.7224137931034483,0.6886676820103839,0.7891382113821138,0.5775665980841633,0.39110238407634207,0.1288361569031902,1.7109015551395714,0.0031037469860166313
37,diabetes,ft_transformer,FT-Transformer,0.7551724137931035,0.721238332082148,0.8298536585365854,0.4844028525034755,0.3187100191980575,0.0827441135367139,0.821881347708404,0.002117105759680271
37,diabetes,kdb_1,KDB-1,0.7637931034482759,0.7197299137369241,0.8218536585365854,0.49256145700903453,0.3239086360229095,0.08765134488036659,0.004166166158393025,0.006537066213786602
37,diabetes,kdb_2,KDB-2,0.753448275862069,0.7087574937129192,0.8181138211382114,0.49653917511462786,0.3272530106345767,0.07940926306772705,0.0052640961948782206,0.007016275636851787
37,diabetes,kdb_3,KDB-3,0.756896551724138,0.7065399074226293,0.8045528455284554,0.5145654071929752,0.34031733420321186,0.07676989266019216,0.00637741843238473,0.006858654972165823
37,diabetes,lightgbm,LightGBM,0.7706896551724138,0.742434520231511,0.8331707317073171,0.4919259563004985,0.31698113028684294,0.08350108127201075,0.10428847158327699,0.006466172216460109
37,diabetes,nb,NB,0.7637931034482759,0.7433216194391459,0.8347967479674796,0.5227565041748825,0.33509833523294796,0.11792529006002275,0.0034368247725069523,0.006576724164187908
37,diabetes,tan,TAN,0.7775862068965517,0.7428050460743914,0.8319349593495936,0.47970039190056113,0.31343663639390085,0.0911181524364674,0.004336239816620946,0.00669718962162733
37,diabetes,xgboost,XGBoost,0.7810344827586206,0.7522796862118418,0.8276422764227643,0.4997837702480103,0.32161715467884944,0.09172518947047227,0.12015816355124116,0.0021889420691877603
44,spambase,ban,BAN,0.9140376266280752,0.9081195910643596,0.9588867050400113,0.3215056913293666,0.14600490916406553,0.05204551569578114,0.1484241897240281,0.23458486529998482
44,spambase,catboost,CatBoost,0.9583212735166425,0.9563213718124016,0.9891232626702232,0.12483459150016543,0.06396119120865508,0.01809749416883268,36.13381252642721,0.00443012760952115
44,spambase,chow_liu,Chow-Liu,0.89232995658466,0.8853869990389194,0.9553672960831111,0.31600797513141854,0.166950589422794,0.05957253586254517,1.6925473025999964,0.18406193018890918
44,spambase,dbnc,DBNC,0.932561505065123,0.9290983809241243,0.976500421170855,0.19424835237750537,0.10479964984446835,0.025923826168796637,19.764683333365248,0.012100563803687691
44,spambase,ft_transformer,FT-Transformer,0.9421128798842258,0.9393025475316717,0.9801312649164678,0.17132930357584103,0.09216673945567286,0.021264606705196958,8.617645827401429,0.012750667985528708
44,spambase,kdb_1,KDB-1,0.9114327062228653,0.9058934638550648,0.961173311806823,0.30275424723542776,0.14231543404520342,0.04804603745309407,0.13505356214009226,0.22598166354000568
44,spambase,kdb_2,KDB-2,0.9140376266280752,0.9081195910643596,0.9588867050400113,0.3215056913293666,0.14600490916406553,0.05204551569578114,0.14923319118097425,0.23329614722169936
44,spambase,kdb_3,KDB-3,0.8949348769898698,0.8865640810631176,0.9507809209602696,0.39165239502630883,0.16995743182347062,0.06363845229581641,0.16766822515055538,0.24210366597399116
44,spambase,lightgbm,LightGBM,0.9557163531114327,0.9535637787576879,0.9888793345500492,0.12540638155410838,0.0687585168720713,0.01642399492076599,0.5392113906331361,0.014967482769861817
44,spambase,nb,NB,0.8891461649782924,0.8821004486274436,0.9526639056577286,0.5417776842599753,0.1933422145782416,0.0873575512565739,0.11854580473154783,0.21622305824421345
44,spambase,tan,TAN,0.9178002894356005,0.9128982877362859,0.9612347325565069,0.32455882198823155,0.13871114741353394,0.05043664627298168,0.14345831638202072,0.23267091680318117
44,spambase,xgboost,XGBoost,0.9568740955137482,0.9548373258721501,0.9887424540221816,0.12532859388345358,0.06694218342459457,0.01864228073585745,1.3831688910257072,0.01060117264278233
50,tic-tac-toe,ban,BAN,0.7875,0.7462329468785998,0.8655744680851065,0.4356624271712036,0.28074600684601086,0.0746486317759429,0.00654234797693789,0.009541171975433827
50,tic-tac-toe,catboost,CatBoost,1.0,1.0,1.0,0.01321852383844777,0.0027506071855497053,0.012379411608176358,1.193883208418265,0.004730415856465697
50,tic-tac-toe,chow_liu,Chow-Liu,0.701388888888889,0.606482469012102,0.7226382978723404,0.5701143118901837,0.3852403955619846,0.06781731919821257,0.041908096661791204,0.008375966036692262
50,tic-tac-toe,dbnc,DBNC,0.9430555555555555,0.9371097254191716,0.9835744680851064,0.14925986797061425,0.08048368085616464,0.05079469622384334,1.6432207168079913,0.0027224474120885133
50,tic-tac-toe,ft_transformer,FT-Transformer,0.9791666666666666,0.9769098719437876,0.9972765957446807,0.06314557681198969,0.032109022097395475,0.016657760608885262,0.7770732020027935,0.0022030182182788847
50,tic-tac-toe,kdb_1,KDB-1,0.7666666666666666,0.7196193928932069,0.8320851063829787,0.4755359121094429,0.3149378127611834,0.0890654973484946,0.005690543027594685,0.009356012847274543
50,tic-tac-toe,kdb_2,KDB-2,0.7875,0.7462329468785998,0.8655744680851065,0.4356624271712036,0.28074600684601086,0.0746486317759429,0.006616576993837953,0.009183625970035792
50,tic-tac-toe,kdb_3,KDB-3,0.8236111111111111,0.7979063249626877,0.8867234042553191,0.4701136754912988,0.26945874841911477,0.1005410991701083,0.00748182856477797,0.009983526822179557
50,tic-tac-toe,lightgbm,LightGBM,1.0,1.0,1.0,0.00149476637491508,0.0003325508441693978,0.0013971947288509098,0.0443082011770457,0.009933273633942008
50,tic-tac-toe,nb,NB,0.7541666666666667,0.6749960485272309,0.7670638297872341,0.5402975544925123,0.3667874323054922,0.10735554802472418,0.004805474774912,0.008724823966622353
50,tic-tac-toe,tan,TAN,0.7819444444444444,0.7353445817178134,0.8348085106382979,0.4776799339673021,0.3134938818127879,0.08552991718810994,0.005775890965014696,0.009128587599843741
50,tic-tac-toe,xgboost,XGBoost,0.9958333333333333,0.9953823953823953,1.0,0.034186833146194875,0.01190004064983027,0.02827188541896964,0.1127570086158812,0.008600524440407754
53,heart-statlog,ban,BAN,0.7804878048780488,0.7792971091047864,0.8594202898550725,0.45839787125014037,0.30034133169829225,0.14951706332773881,0.0029671411495655773,0.003605805616825819
53,heart-statlog,catboost,CatBoost,0.8146341463414635,0.8107704661182922,0.8980676328502415,0.4030769105771033,0.25646478329106276,0.1271339924258925,0.33876077220775186,0.0008292310405522585
53,heart-statlog,chow_liu,Chow-Liu,0.7219512195121951,0.7105808620646885,0.7886473429951691,0.5328954958003169,0.3560900574702529,0.09885708907187837,0.06769090262241662,0.00310080386698246
53,heart-statlog,dbnc,DBNC,0.8390243902439025,0.8348255048408715,0.897584541062802,0.4231621083829474,0.26176198234484194,0.15517709093289964,0.9619888762012124,0.0032056814059615137
53,heart-statlog,ft_transformer,FT-Transformer,0.8195121951219513,0.8141944095471532,0.9314009661835749,0.3443879893927785,0.21824590554725062,0.12251318158318261,0.7364524651318789,0.0021960866637527944
53,heart-statlog,kdb_1,KDB-1,0.775609756097561,0.7741150916750937,0.8251207729468598,0.5364263650139138,0.33105845513156373,0.14708729281109717,0.0025450477842241526,0.003478205855935812
53,heart-statlog,kdb_2,KDB-2,0.7804878048780488,0.7792971091047864,0.8594202898550725,0.45839787125014037,0.30034133169829225,0.14951706332773881,0.0029994625598192214,0.0035945950075984
53,heart-statlog,kdb_3,KDB-3,0.7609756097560976,0.757274113016497,0.8478260869565218,0.4684438692929154,0.31344416449096446,0.1773296376017148,0.0032316088676452638,0.0036305592395365236
53,heart-statlog,lightgbm,LightGBM,0.8341463414634147,0.8293487105680633,0.9043478260869564,0.5261177584678242,0.27255318472696466,0.13577236963995024,0.021038594609126448,0.0013890707865357398
53,heart-statlog,nb,NB,0.775609756097561,0.7721568007527436,0.8777777777777777,0.4468956033545536,0.2893962549196571,0.1301550208169259,0.0020644390024244785,0.0032667148392647506
53,heart-statlog,tan,TAN,0.7804878048780488,0.7785599766606632,0.814975845410628,0.5887320054886864,0.35085008441770693,0.17465845509989275,0.0027422244194895027,0.003560854261741042
53,heart-statlog,xgboost,XGBoost,0.7951219512195122,0.7896267092230798,0.8971014492753623,0.5036420826117091,0.2833624116810417,0.1556383112132881,0.024283500807359814,0.0016542863566428422
54,vehicle,ban,BAN,0.7354330708661417,0.7267319426612738,0.9126905790043913,0.8087975747452342,0.40833986212328943,0.16290838474197739,0.011443716892972588,0.029324882803484796
54,vehicle,catboost,CatBoost,0.7606299212598425,0.7535739655245556,0.9362826323608278,0.5068789672787556,0.29165543010692996,0.10541819313808316,0.5461059311404824,0.0010512502398341895
54,vehicle,chow_liu,Chow-Liu,0.45984251968503936,0.4151601804532392,0.7423123176268055,1.1121724340766381,0.6420295885337269,0.06110360387534699,0.147390052722767,0.023300286242738368
54,vehicle,dbnc,DBNC,0.7133858267716535,0.7142418236817343,0.9071105681822555,0.655368256474956,0.3778400541752516,0.11111561721536849,2.5420265659689902,0.006361940270289778
54,vehicle,ft_transformer,FT-Transformer,0.7385826771653543,0.7260238482171382,0.9233788047364468,0.45692363086600274,0.29857888228942453,0.06128982257182829,2.44082559440285,0.002732469188049436
54,vehicle,kdb_1,KDB-1,0.7291338582677165,0.7194476876747882,0.9145356936111091,0.7439327998692444,0.39953023789967934,0.16510731394204112,0.009458717610687017,0.028171722125262023
54,vehicle,kdb_2,KDB-2,0.7354330708661417,0.7267319426612738,0.9126905790043913,0.8087975747452342,0.40833986212328943,0.16290838474197739,0.011435621371492743,0.029550987808033825
54,vehicle,kdb_3,KDB-3,0.6976377952755906,0.6920941411993031,0.8973498586055658,1.028931886126187,0.474987696704315,0.21658904594380676,0.013555784011259675,0.030816240608692168
54,vehicle,lightgbm,LightGBM,0.7653543307086614,0.7630200032115755,0.938509523527782,0.45520013041298546,0.28971187901636364,0.10216449656065289,0.4124853676650673,0.020075922040268777
54,vehicle,nb,NB,0.5968503937007874,0.581918597973726,0.8238923935400576,1.5556686710147196,0.6086960291730137,0.23785301592903957,0.007578629814088344,0.02595957424491644
54,vehicle,tan,TAN,0.7448818897637796,0.7398813851336385,0.9176624143604689,0.7719848519329056,0.39795642686020716,0.16436960653141092,0.009596947021782399,0.027535849995911122
54,vehicle,xgboost,XGBoost,0.7842519685039371,0.7831222006753017,0.9395698812057611,0.4469001299041196,0.28256377675753247,0.09145874013698549,0.07396747199818492,0.002343694819137454
56,vote,ban,BAN,0.9303030303030303,0.9261473765820508,0.9834615384615384,0.30328149783062613,0.11023720270059803,0.06084101300115439,0.005355478171259165,0.007036836817860603
56,vote,catboost,CatBoost,0.9454545454545455,0.9425560123492394,0.9921153846153846,0.13827529181819118,0.07757740956423148,0.045800366192069106,1.7288648300338536,0.005300230532884598
56,vote,chow_liu,Chow-Liu,0.9606060606060606,0.9590071899774317,0.9779807692307692,0.1569634677581952,0.0729933834928342,0.06947416791922714,0.10790893998928368,0.0058712631464004515
56,vote,dbnc,DBNC,0.9515151515151515,0.948766416510319,0.9913461538461539,0.154120637674679,0.06953496265093115,0.04459824385840078,1.750720997620374,0.003702981397509575
56,vote,ft_transformer,FT-Transformer,0.9424242424242424,0.9396677559912854,0.9923076923076923,0.14491838495143244,0.08738274173686836,0.05032840385104533,2.427438970236108,0.002678709616884589
56,vote,kdb_1,KDB-1,0.9272727272727274,0.9237870944108154,0.9807692307692306,0.3099112089430142,0.12787902219315275,0.07134030049889684,0.004584851814433933,0.0067237761802971365
56,vote,kdb_2,KDB-2,0.9303030303030303,0.9261473765820508,0.9834615384615384,0.30328149783062613,0.11023720270059803,0.06084101300115439,0.005207415670156479,0.007067425502464175
56,vote,kdb_3,KDB-3,0.9424242424242424,0.9394573000549269,0.990576923076923,0.18678454728004482,0.08997745403145654,0.05063748346696095,0.005827325349673629,0.007289654761552811
56,vote,lightgbm,LightGBM,0.9484848484848485,0.9461136365446625,0.9932692307692308,0.12332228973866813,0.07313824670484688,0.03486943154568929,0.05167663004249334,0.01199868186376989
56,vote,nb,NB,0.9121212121212121,0.9079379684470551,0.9724999999999999,0.7444981066369687,0.17256780824483237,0.0909203684052218,0.003771488042548299,0.006388576375320554
56,vote,tan,TAN,0.9363636363636363,0.9330758058209039,0.9775,0.331294144921831,0.11308349035221835,0.0598920541511325,0.004514468414708972,0.006894507631659508
56,vote,xgboost,XGBoost,0.9454545454545455,0.9427233330456254,0.9925,0.12019866784921321,0.07289665111460289,0.04842843774555474,0.08666890002787113,0.010997033026069403
151,electricity,ban,BAN,0.7967338531705164,0.7914876080225441,0.8763199201230453,0.43683143373863603,0.2819586819129,0.023986672771253346,0.2359499687794596,0.3809102944098413
151,electricity,catboost,CatBoost,0.9144622627629836,0.9124265681225001,0.9716065944856863,0.21361771024172244,0.12765379809137417,0.007918440790638151,18.900349928438665,0.02935146535746753
151,electricity,chow_liu,Chow-Liu,0.7439752832131823,0.725567207214387,0.7843041071241655,0.5294160417511826,0.35228744774806575,0.008256568607184923,0.29937165016308426,0.33919552913866935
151,electricity,dbnc,DBNC,0.8457260556127704,0.8419199112668612,0.9254281302821603,0.3446088532850814,0.2177261258135171,0.019595786960616344,43.39232274484821,0.06366894165985286
151,electricity,ft_transformer,FT-Transformer,0.8470795939385022,0.8429042301181788,0.9275500661373031,0.343733995578256,0.21532897857967784,0.023863568649127018,164.93724426799454,0.06492757922969758
151,electricity,kdb_1,KDB-1,0.7910548771516845,0.7847708820637639,0.8694593823836445,0.4441706356431376,0.28850160600034086,0.015490011422261973,0.20627622539177537,0.3634372813161463
151,electricity,kdb_2,KDB-2,0.7967338531705164,0.7914876080225441,0.8763199201230453,0.43683143373863603,0.2819586819129,0.023986672771253346,0.23628067299723626,0.37690690089948475
151,electricity,kdb_3,KDB-3,0.8019714579961749,0.7957144140736274,0.8804082526124455,0.4335027766480639,0.2773719955639326,0.029873300527730122,0.26684764004312456,0.3958042813464999
151,electricity,lightgbm,LightGBM,0.9370016183610417,0.9354894055430092,0.9841652232526258,0.17678266262881603,0.09606433170071974,0.02657622339278311,2.128449733974412,0.4587768163532019
151,electricity,nb,NB,0.7296748565543622,0.7241611521933146,0.7988532891505774,0.6390686093785638,0.38928663221214527,0.11233680538590333,0.17748013958334924,0.3459691159892827
151,electricity,tan,TAN,0.7817272326026188,0.7765910490651466,0.8622272036560441,0.4667940097631382,0.3012751615286141,0.04285021570830881,0.2069620945956558,0.364852711185813
151,electricity,xgboost,XGBoost,0.9359129027512137,0.9344079669972294,0.9838185581910587,0.1623961002149186,0.0945493105429601,0.01251179394057908,2.2195498333778234,0.15679782535880804
182,satimage,ban,BAN,0.8804145077720207,0.858269783221244,0.9815240551838482,0.719425181469532,0.20338939097315065,0.08924404640258732,0.16061193118803202,0.655952365649864
182,satimage,catboost,CatBoost,0.9158549222797927,0.8982527017630006,0.990133651953682,0.22376892710262114,0.12253858961383164,0.020508435238941948,3.958718085009605,0.0036083491984754803
182,satimage,chow_liu,Chow-Liu,0.7753367875647669,0.742582604944222,0.9314993200068798,0.7558637792636096,0.3588303786093985,0.061001699138772514,0.8862544131930917,0.5043686260003597
182,satimage,dbnc,DBNC,0.8758549222797928,0.8504810944319775,0.9809269778793747,0.36744290644662697,0.180974619966856,0.04170196617073387,32.2509589578025,0.01796301556751132
182,satimage,ft_transformer,FT-Transformer,0.9032124352331607,0.8825226932500396,0.9858696705725372,0.2799772594420519,0.14684230987582522,0.029145662384524196,14.010016983980313,0.012625262420624495
182,satimage,kdb_1,KDB-1,0.8623834196891191,0.8449979582280471,0.9800948259177803,0.8347496571463913,0.2374871818149912,0.10788526058229345,0.13042092896066607,0.614469811366871
182,satimage,kdb_2,KDB-2,0.8804145077720207,0.858269783221244,0.9815240551838482,0.719425181469532,0.20338939097315065,0.08924404640258732,0.1604776309803128,0.6549354902002961
182,satimage,kdb_3,KDB-3,0.8760621761658032,0.8509204620838823,0.9802100393938662,0.8842846461167955,0.2180696522952049,0.10126087436827431,0.19354842682369053,0.7017069668509066
182,satimage,lightgbm,LightGBM,0.9231088082901554,0.9070266721316935,0.990000098303104,0.3727904862245399,0.12627716495589486,0.05559971538031139,1.648234346183017,0.0901550096925348
182,satimage,nb,NB,0.8089119170984456,0.7930373885766245,0.9585888675690264,3.237214614651248,0.3603428334674108,0.17807723657935756,0.10874047502875328,0.5840874218381942
182,satimage,tan,TAN,0.875440414507772,0.8527602622018046,0.9810279450523758,0.7815829722409198,0.2201568585211592,0.10006463579633569,0.13137093437835573,0.6142263251822442
182,satimage,xgboost,XGBoost,0.9168911917098447,0.898769064630406,0.9895119611135679,0.23271366206909122,0.12122257739876678,0.019646916120635075,2.261634639836848,0.033532978408038615
293,covertype-binary,ban,BAN,0.7782701487057095,0.778268576686966,0.8595161942984731,0.46509349433620895,0.3055461084931913,0.012956419978060577,16.139093861728906,3.0423845821525903
293,covertype-binary,catboost,CatBoost,0.9146617404075638,0.9146475628056887,0.9752014578348234,0.2168730143892421,0.1286614885278456,0.040833426895977354,34.68085851180367,0.0075373492203652855
293,covertype-binary,chow_liu,Chow-Liu,0.7198044795300165,0.7197535755633752,0.764355918174314,0.5748693700965711,0.388816411711268,0.002897697385139976,66.82530243238435,2.561714549828321
293,covertype-binary,dbnc,DBNC,0.8461308977418763,0.8461138257567358,0.9251553503962429,0.34794601786961277,0.2191519525309927,0.013794923708509127,3125.4684808437714,0.2779124850407243
293,covertype-binary,ft_transformer,FT-Transformer,0.9568592803378007,0.9568329299567416,0.9929929652734772,0.1088100557972745,0.06356000903196371,0.008434834341114228,2527.035974991182,0.18964801263064146
293,covertype-binary,kdb_1,KDB-1,0.7448962731778961,0.744852857948674,0.818460411282828,0.5235488857876538,0.34793974364748104,0.01964913136039853,14.909742305241526,3.05446810987778
293,covertype-binary,kdb_2,KDB-2,0.7782701487057095,0.778268576686966,0.8595161942984731,0.46509349433620895,0.3055461084931913,0.012956419978060577,15.508340879017487,3.0819015799555927
293,covertype-binary,kdb_3,KDB-3,0.8003098035615934,0.8002755214807065,0.8853939517490922,0.42673470629632204,0.2762266593526482,0.022579491167913135,15.921701186615973,3.107602321356535
293,covertype-binary,lightgbm,LightGBM,0.9400197356342941,0.9400085614817948,0.9868794721507012,0.1708171021107274,0.09572776946118541,0.04730658317490496,13.088219686644152,0.2774943860247731
293,covertype-binary,nb,NB,0.7153937947494033,0.7152647800753139,0.7771967436894366,0.5693115922059052,0.38484662174749257,0.020145888174325416,14.262792723532765,2.9916562328115104
293,covertype-binary,tan,TAN,0.7331971727556452,0.733091217362645,0.8043012873354642,0.5426563765655793,0.3620151269131385,0.026810613906807473,17.267372014606373,3.1623772772960366
293,covertype-binary,xgboost,XGBoost,0.9278410134018726,0.9278326817152884,0.9821967340593541,0.19741960680143594,0.11304017128224704,0.052124457748075524,36.86117021180689,0.1762624905910343
1120,MagicTelescope,ban,BAN,0.8465474938661058,0.8263669316204423,0.907204117377597,0.3684759647595405,0.22321037768177737,0.03331772423339112,0.12089063781313598,0.1887874852400273
1120,MagicTelescope,catboost,CatBoost,0.8874868559411146,0.8727224376950604,0.9409753442375575,0.2803393707015448,0.16781575089819115,0.012925022488986943,1.8596665609627963,0.0018666863441467285
1120,MagicTelescope,chow_liu,Chow-Liu,0.7409744128987031,0.720966886665582,0.7880032874349923,0.5219582294600024,0.34819617728707397,0.01435609137083858,0.18802537894807755,0.16235011317767203
1120,MagicTelescope,dbnc,DBNC,0.8520154223624254,0.8323444820343575,0.9083715879388861,0.3540642651614421,0.21719190430843813,0.018976771475147113,19.392535383161157,0.014861907996237277
1120,MagicTelescope,ft_transformer,FT-Transformer,0.8745881528215913,0.8573831099925631,0.9335311902131445,0.29947285159914794,0.18331497340908068,0.013988628105421516,74.16216177428142,0.027183980820700525
1120,MagicTelescope,kdb_1,KDB-1,0.8322467577988082,0.8117152357324393,0.8991940933954892,0.38066019911073906,0.23695977699301776,0.028741813175755877,0.10540459752082824,0.18095243056304752
1120,MagicTelescope,kdb_2,KDB-2,0.8465474938661058,0.8263669316204423,0.907204117377597,0.3684759647595405,0.22321037768177737,0.03331772423339112,0.12094615274108947,0.18813641504384576
1120,MagicTelescope,kdb_3,KDB-3,0.8393971258324571,0.8146093706468556,0.9021615693460159,0.39909597808573594,0.23664380976625193,0.05743104568388842,0.1370758745353669,0.19628189876675606
1120,MagicTelescope,lightgbm,LightGBM,0.886435331230284,0.8719968142602659,0.9416630109670987,0.2809812108016945,0.1691328211431998,0.018719773728557976,1.120556997973472,0.13663553013466298
1120,MagicTelescope,nb,NB,0.765229582895198,0.7148480740162275,0.8313612136563282,0.5231550676747088,0.33136688791920177,0.08480999439704236,0.08941274881362915,0.17035753442905843
1120,MagicTelescope,tan,TAN,0.8508236943568173,0.831236311306292,0.9114679744550134,0.35921940701819743,0.21864607698647393,0.032177111654931374,0.10626265704631806,0.18208342120051385
1120,MagicTelescope,xgboost,XGBoost,0.8874167542937259,0.8733712742307851,0.9402827194093396,0.28797235818075967,0.17089182841500575,0.026381085866271026,0.8450031643267721,0.018793145753443243
1461,bank-marketing,ban,BAN,0.8972869360070777,0.6391035333156807,0.9171995799561918,0.2648919478228559,0.15651329378718354,0.05809798473728511,0.4590298415627331,0.6990685376338661
1461,bank-marketing,catboost,CatBoost,0.9079327631966972,0.7518854074141788,0.9353564830311385,0.1972594944255609,0.12475428553753527,0.013307024098183679,13.349174970202148,0.030310680391266942
1461,bank-marketing,chow_liu,Chow-Liu,0.8938071365378943,0.6081829532982481,0.843263429199761,0.26733228980429613,0.15812233592793964,0.010945608900288482,0.8616163370665163,0.5692901314701885
1461,bank-marketing,dbnc,DBNC,0.902211736950752,0.7307043461787156,0.92296074084448,0.21490271007860134,0.13409786921903125,0.019930061131032996,35.07899669706821,0.04094147561118007
1461,bank-marketing,ft_transformer,FT-Transformer,0.9068121498083161,0.7593879502943832,0.9335485949966469,0.19809264895727086,0.12444013281654379,0.00843933616013561,105.4226202044636,0.06586500112898648
1461,bank-marketing,kdb_1,KDB-1,0.8983485697434386,0.6896348644764376,0.9139502276872802,0.23737147598224162,0.14821117385425925,0.03778671376307641,0.3984608336351812,0.676442991849035
1461,bank-marketing,kdb_2,KDB-2,0.8972869360070777,0.6391035333156807,0.9171995799561918,0.2648919478228559,0.15651329378718354,0.05809798473728511,0.462163874367252,0.7004522404633462
1461,bank-marketing,kdb_3,KDB-3,0.8982895900914185,0.6679128066527061,0.9111870255176845,0.2782635255509351,0.15753349286304236,0.05804753792215892,0.5193657050374896,0.7247338053770364
1461,bank-marketing,lightgbm,LightGBM,0.9091713358891182,0.7543473058913063,0.9365568610679847,0.19465398750676388,0.12271721381124556,0.010579751767198201,1.2268536069430411,0.2101557519752532
1461,bank-marketing,nb,NB,0.8840165143025656,0.6944245675866105,0.8668451183215818,0.29062309330793845,0.17414512278008276,0.035215096796968576,0.3337215485051274,0.639514209004119
1461,bank-marketing,tan,TAN,0.9001474491300501,0.6966874119911083,0.9168655502865297,0.2336628912041082,0.14569589309906403,0.035617496620121925,0.3960629236418754,0.6661775515880436
1461,bank-marketing,xgboost,XGBoost,0.9076378649365969,0.7506345174331435,0.9360310528594908,0.19710611295228128,0.12517354257764768,0.01662243186669756,2.1573558365460483,0.1430526256095618
1486,nomao,ban,BAN,0.941779497098646,0.9283313538273443,0.9833799823670502,0.18148631292451825,0.0896889279484635,0.02852138442137204,2.6228820890653877,3.817506164172664
1486,nomao,catboost,CatBoost,0.97036750483559,0.9636001643000636,0.9950882206652378,0.07957627117350305,0.045298142348415886,0.005627180332736052,53.24172332175076,0.06841454287059605
1486,nomao,chow_liu,Chow-Liu,0.918375241779497,0.8973127309968477,0.9652760506299224,0.21092496984053125,0.12359350524714859,0.013539659585721436,20.013225691160187,2.83777118944563
1486,nomao,dbnc,DBNC,0.9664216634429401,0.9588382644656381,0.9932818058135201,0.10402408489122028,0.05236426689064104,0.014080480700164655,420.88170083458533,0.3440380745567381
1486,nomao,ft_transformer,FT-Transformer,0.9598839458413927,0.9508761987690377,0.9915180341736025,0.107051390850324,0.05995182681002591,0.010516402149254207,135.133069659397,0.23121941792778672
1486,nomao,kdb_1,KDB-1,0.9303675048355899,0.9139289775664305,0.9773049930141033,0.21443807263528059,0.108695837618378,0.034229183989990315,2.173431166447699,3.49255908858031
1486,nomao,kdb_2,KDB-2,0.941779497098646,0.9283313538273443,0.9833799823670502,0.18148631292451825,0.0896889279484635,0.02852138442137204,2.5573191575706007,3.7291812410578133
1486,nomao,kdb_3,KDB-3,0.9492069632495165,0.9370003172637709,0.9869745154559644,0.17032538730718455,0.07946342879347182,0.027930492565678616,2.835841075424105,3.856996661424637
1486,nomao,lightgbm,LightGBM,0.9723791102514507,0.9660755586806744,0.9955360660555449,0.07987711321424115,0.043064016267848206,0.011223779635901796,4.077794006466865,0.22664449256844818
1486,nomao,nb,NB,0.8617794970986461,0.8367061130674982,0.9380049650191831,1.6469993044143756,0.25908146220795175,0.12578502289225704,1.8411888412665576,3.3111714424099774
1486,nomao,tan,TAN,0.9275822050290137,0.9093620887952563,0.9762733792875358,0.2492606007104627,0.11672215543921802,0.04377149499334225,2.2269479987211525,3.6517668932210654
1486,nomao,xgboost,XGBoost,0.9718762088974854,0.9654664228183781,0.9955609809845376,0.07983003859329896,0.043872068906720615,0.010790717412847112,3.9032984877936543,0.08905507177114487
1489,phoneme,ban,BAN,0.847842170160296,0.8174052048101897,0.9161709710062036,0.332949803535251,0.21122624770589024,0.033321055814501344,0.018067296640947462,0.029906416404992343
1489,phoneme,catboost,CatBoost,0.9136868064118373,0.8953293824223827,0.9645724258289704,0.2705867929746103,0.1384618219601993,0.050635745590779976,6.208543616207317,0.0033682451117783784
1489,phoneme,chow_liu,Chow-Liu,0.7583230579531443,0.7215417609910342,0.8120176866558142,0.4588960733807312,0.3090825131231659,0.026855197592254125,0.03003992382436991,0.029157519852742553
1489,phoneme,dbnc,DBNC,0.8621454993834771,0.8334162123030733,0.9291543842667958,0.3166563966362327,0.19691859146861984,0.03356237821697393,3.554549169074744,0.004510146426036954
1489,phoneme,ft_transformer,FT-Transformer,0.8801479654747226,0.8535244248825473,0.9412307331309486,0.2898631653298721,0.17407776444557102,0.03469044715824217,12.094890924217179,0.009388609137386084
1489,phoneme,kdb_1,KDB-1,0.827620221948212,0.8007827179456555,0.8969392992799214,0.3901379549920711,0.24765337313338742,0.06525494709236351,0.01614542482420802,0.02911768639460206
1489,phoneme,kdb_2,KDB-2,0.847842170160296,0.8174052048101897,0.9161709710062036,0.332949803535251,0.21122624770589024,0.033321055814501344,0.01805741055868566,0.029905554046854375
1489,phoneme,kdb_3,KDB-3,0.857213316892725,0.8276240845822069,0.9163836215114317,0.36490367953308317,0.2119830231262259,0.05402643506340836,0.019737557601183654,0.03046177946962416
1489,phoneme,lightgbm,LightGBM,0.9038224414303329,0.8828700974595771,0.9578849340783433,0.5078161711982484,0.1674196570391032,0.07627044507660526,0.20619237199425697,0.016539243469014763
1489,phoneme,nb,NB,0.77731196054254,0.7510823363575801,0.8513514306246058,0.5029700839688298,0.32248630687952473,0.09588811237755503,0.013948406232520938,0.0276071822270751
1489,phoneme,tan,TAN,0.827620221948212,0.8007827179456555,0.8969392992799214,0.3901379549920711,0.24765337313338742,0.06525494709236351,0.016121560847386716,0.029035349376499653
1489,phoneme,xgboost,XGBoost,0.8964241676942046,0.8742560437246529,0.9580110578262719,0.24254732326325018,0.1462627281988917,0.029277193206018414,0.49613544903695583,0.010699003608897329
1510,wdbc,ban,BAN,0.9093023255813953,0.9021633136848841,0.9769675925925926,0.4153625592471627,0.15343257058622833,0.07943325512965829,0.012825969140976667,0.016835375502705575
1510,wdbc,catboost,CatBoost,0.9395348837209303,0.9342239100833133,0.9851851851851853,0.1525763842711577,0.0800011953890638,0.042941322706535764,7.29015754875727,0.0012074952479451894
1510,wdbc,chow_liu,Chow-Liu,0.8906976744186046,0.8836108732203947,0.9449652777777777,0.2887232296281231,0.1673533711644144,0.050243918148030774,0.3706815924029797,0.012525521172210573
1510,wdbc,dbnc,DBNC,0.9093023255813953,0.9028595913799083,0.9726851851851851,0.2757200961147716,0.14645194282094465,0.07601807867062527,1.789670558134094,0.005134579073637724
1510,wdbc,ft_transformer,FT-Transformer,0.9534883720930232,0.9501877397133696,0.9824074074074074,0.15661461679004046,0.07707860418555504,0.032655016757805154,0.918473603297025,0.002694533346220851
1510,wdbc,kdb_1,KDB-1,0.9186046511627908,0.910986720754468,0.9800925925925925,0.24539765208850137,0.12342509137603903,0.07090976465536417,0.010421698819845915,0.015822694590315222
1510,wdbc,kdb_2,KDB-2,0.9093023255813953,0.9021633136848841,0.9769675925925926,0.4153625592471627,0.15343257058622833,0.07943325512965829,0.012743093771860003,0.01673023453913629
1510,wdbc,kdb_3,KDB-3,0.9069767441860466,0.9007841257459057,0.9653935185185185,0.5249645027444183,0.16447535492088886,0.08990757783061473,0.015840492397546767,0.017193974694237113
1510,wdbc,lightgbm,LightGBM,0.9488372093023255,0.9439765468196484,0.9868055555555555,0.27687915317458794,0.08805913025061295,0.04961620543465904,0.19445252022705972,0.0028385679703205823
1510,wdbc,nb,NB,0.9186046511627908,0.9124975602134938,0.9740740740740741,0.8519130506083394,0.15620086187608245,0.08430243681166008,0.008155131200328469,0.014371385704725981
1510,wdbc,tan,TAN,0.9209302325581395,0.9138345399441168,0.98125,0.27245481351072864,0.12613766597316003,0.07082483498182446,0.010327517800033093,0.01548339962027967
1510,wdbc,xgboost,XGBoost,0.9488372093023255,0.9447448626100107,0.986574074074074,0.14311846585969076,0.08015734388848825,0.0533024823062931,0.10132351676002145,0.0022538112476468085
1567,poker-hand,ban,BAN,0.648536604401894,0.17796463530260448,0.8978077512663424,0.7553202952032468,0.44913910775872196,0.02525045002258523,6.674684894410893,3.1299422618001698
1567,poker-hand,catboost,CatBoost,0.9973411727977523,0.6705349882230671,0.988892491183077,0.05701732814290228,0.012111664831737201,0.047857209724484984,526.2454462105874,0.010566308768466115
1567,poker-hand,chow_liu,Chow-Liu,0.5011707164784849,0.06677064919760148,0.5431205232612739,0.9818957385814828,0.5675658870260456,1.181922295705462e-05,9.565515783801676,2.691854724707082
1567,poker-hand,dbnc,DBNC,0.9254266611166034,0.47371392259458445,0.984170470376031,0.16535102443681055,0.09762921018473797,0.01690502717862715,1833.5931136121974,0.07835123147815466
1567,poker-hand,ft_transformer,FT-Transformer,0.9979824652687445,0.699257627439818,0.9739377913626003,0.013240639065733893,0.00402296276577347,6.433980270434877e-05,2806.562429295853,0.09471554779447615
1567,poker-hand,kdb_1,KDB-1,0.6044929496852074,0.1615247652779841,0.8529744509323042,0.8625319571753689,0.5100355792866089,0.012119315292723743,5.624233658146113,2.9453364390414207
1567,poker-hand,kdb_2,KDB-2,0.648536604401894,0.17796463530260448,0.8978077512663424,0.7553202952032468,0.44913910775872196,0.02525045002258523,6.482959547732025,3.1039812273345886
1567,poker-hand,kdb_3,KDB-3,0.6880808054529373,0.22508299826228678,0.9086522116052823,0.6543633903877718,0.39450754126660215,0.03336831330775377,7.344336671382189,3.2008727122563867
1567,poker-hand,lightgbm,LightGBM,0.831669181539102,0.2671956096149762,0.7390904543929793,0.9624538246894844,0.29778592517861624,0.14967176051108802,152.58996292394585,3.076911469409242
1567,poker-hand,nb,NB,0.5011707164784849,0.06677064919760148,0.5161019192666967,0.9812467244817256,0.5675255944341074,1.57102991137803e-05,4.890165788913146,2.8353385370224715
1567,poker-hand,tan,TAN,0.6039414121442322,0.16040814211978272,0.8564060547018609,0.8620230741572328,0.509901073117547,0.012532846193299627,5.695188540779054,2.9502295441925526
1567,poker-hand,xgboost,XGBoost,0.9610645715177689,0.5315838996203286,0.905971308547197,0.5119721416235465,0.07960392262261139,0.07408247668317439,265.10617980677637,0.8112540575675666
1590,adult,ban,BAN,0.8334106728538282,0.7409429122165848,0.8827699954007799,0.3995142875410324,0.2395723843297557,0.05879960123880037,0.4172222673427314,0.6593449180014431
1590,adult,catboost,CatBoost,0.8711614576224921,0.8122180908260017,0.9275974386826951,0.2786570339935037,0.17734723582501943,0.00814170708831364,47.403412393759936,0.042532872222363946
1590,adult,chow_liu,Chow-Liu,0.760747918657022,0.4320595302689714,0.777437571267954,0.43792727212865257,0.2900806058017644,0.003438086088103383,0.7325312334112823,0.548945732600987
1590,adult,dbnc,DBNC,0.8540466766753105,0.7873095802583683,0.9109706032674317,0.31007054231848624,0.19830012407120645,0.01232857895554943,35.99692682474851,0.06310113994404673
1590,adult,ft_transformer,FT-Transformer,0.8580319366725808,0.7913315004429385,0.9145190540139196,0.30328829815727704,0.19453706271861013,0.008887459664054917,66.2685553544201,0.0633724152110517
1590,adult,kdb_1,KDB-1,0.8300259314862837,0.7543014942040698,0.8799073340059206,0.368536311453007,0.23453217632025022,0.03139308256489699,0.3677430949639529,0.6368729608133435
1590,adult,kdb_2,KDB-2,0.8334106728538282,0.7409429122165848,0.8827699954007799,0.3995142875410324,0.2395723843297557,0.05879960123880037,0.42072211084887384,0.6566012921277433
1590,adult,kdb_3,KDB-3,0.8321550429916746,0.7390072159342609,0.8805120894807221,0.42915518715285206,0.24606354215058346,0.06937560420872783,0.4869080618023872,0.7001153324265033
1590,adult,lightgbm,LightGBM,0.8713798280333014,0.813226622806009,0.9286208009602074,0.2766868975635476,0.17607997272138395,0.009088653517833733,1.0894241116009653,0.20037435600534081
1590,adult,nb,NB,0.8122833356080251,0.7648453196013818,0.8837573130566474,0.48352167125555406,0.27734186127755955,0.09242336993255507,0.31625676052644847,0.6020510531961918
1590,adult,tan,TAN,0.8318001910741094,0.7539496404722325,0.8799085416337894,0.36915616482749847,0.23420619084724378,0.0335946595231961,0.3935268406290561,0.6378950889687985
1590,adult,xgboost,XGBoost,0.8716527910468133,0.8129419107979803,0.9285840092467451,0.2766756366489725,0.17619799392882068,0.008286644784589245,1.0897337074857205,0.08244409696199
4534,PhishingWebsites,ban,BAN,0.9457504520795659,0.9450230956640284,0.988602055540831,0.13982125112709667,0.08186155236320465,0.018470873279198483,0.20960038658231497,0.30978606138378384
4534,PhishingWebsites,catboost,CatBoost,0.9646775165762508,0.9642059133435469,0.9954972465176548,0.0854511495335008,0.05091429278085859,0.012463345584928981,14.810071747377515,0.03040842222981155
4534,PhishingWebsites,chow_liu,Chow-Liu,0.9264617239300783,0.925067102305672,0.9733434932414525,0.20218393960934966,0.11844427798833017,0.029124542405907915,0.7665330021642148,0.24199174754321576
4534,PhishingWebsites,dbnc,DBNC,0.9574442435201929,0.9568795880971814,0.9943637541596726,0.09493906826072541,0.0566826152867696,0.012040970641582905,24.02762054442428,0.02073114924132824
4534,PhishingWebsites,ft_transformer,FT-Transformer,0.9616636528028932,0.9611839842118096,0.9942350619901641,0.10023031070111084,0.05625607947216811,0.013694420177934968,33.26934016179293,0.025173825724050403
4534,PhishingWebsites,kdb_1,KDB-1,0.9383966244725738,0.9375791741121061,0.9855449539123008,0.15430878064604428,0.092686072474934,0.016905717364735024,0.17931415778584778,0.29705896638333795
4534,PhishingWebsites,kdb_2,KDB-2,0.9457504520795659,0.9450230956640284,0.988602055540831,0.13982125112709667,0.08186155236320465,0.018470873279198483,0.21078858221881092,0.3096371333114803
4534,PhishingWebsites,kdb_3,KDB-3,0.9467148884870404,0.9460180820334528,0.9901272197190565,0.13027370389301465,0.07698268709579513,0.01910229624892297,0.23652392602525651,0.32313426500186326
4534,PhishingWebsites,lightgbm,LightGBM,0.9708257986739,0.9704360462694719,0.9965954000647879,0.07664206409639626,0.04306311900689769,0.012678539111581405,0.22422260153107346,0.03626951603218913
4534,PhishingWebsites,nb,NB,0.92875226039783,0.9276563711940357,0.9802420708543156,0.1826318522205927,0.106898963736161,0.025528604092809326,0.14934354480355977,0.27691245372407136
4534,PhishingWebsites,tan,TAN,0.9358649789029536,0.93503480411949,0.9850817210000884,0.1556158206454831,0.09391079776024774,0.015328575360059798,0.18082635845057665,0.29502209182828665
4534,PhishingWebsites,xgboost,XGBoost,0.9698613622664254,0.9694671183362165,0.9964587566628383,0.07388426053821301,0.04344638546756765,0.00695355692406108,1.2064041102305054,0.07337631075643003
40975,car,ban,BAN,0.9484615384615385,0.8994227021924874,0.9937244218765888,0.15277071626827735,0.0860725163699227,0.04471689312372163,0.0070512923412024975,0.02030268535017967
40975,car,catboost,CatBoost,0.9830769230769232,0.9458280690450316,0.9991604889013693,0.05585364095233499,0.02957078704860801,0.02108278066044601,3.0829243885353206,0.003928319225087762
40975,car,chow_liu,Chow-Liu,0.8423076923076923,0.5953229172313483,0.9741034135342295,0.3296317630303231,0.21071430799056143,0.07576786322767626,0.022355885058641434,0.019052229123190045
40975,car,dbnc,DBNC,0.953076923076923,0.8768580558118113,0.9937638126560783,0.12694444813595127,0.07331309039926599,0.03168373138266943,4.500889987451956,0.004174816980957985
40975,car,ft_transformer,FT-Transformer,0.9969230769230769,0.9866192376066983,0.9999029293274155,0.012371907525492404,0.004928268861044125,0.007505325713439037,10.056653146818281,0.004431607527658343
40975,car,kdb_1,KDB-1,0.9384615384615385,0.9061664323446383,0.9934052345329558,0.17964703040726698,0.10680850980812895,0.05958895373479463,0.006322358967736363,0.01967960558831692
40975,car,kdb_2,KDB-2,0.9484615384615385,0.8994227021924874,0.9937244218765888,0.15277071626827735,0.0860725163699227,0.04471689312372163,0.0070203790906816724,0.020054071163758635
40975,car,kdb_3,KDB-3,0.9284615384615386,0.7997630036657192,0.9907236656356924,0.1647356534509638,0.10040056009065434,0.031073789223595848,0.007689538924023509,0.020909117767587304
40975,car,lightgbm,LightGBM,0.9915384615384616,0.9742549274898795,0.9998826420514206,0.022240110919774077,0.010968976077675505,0.014456400899786604,0.22349977302365004,0.037371169636026026
40975,car,nb,NB,0.8423076923076923,0.5953229172313483,0.9741034135342295,0.3296317630303231,0.21071430799056148,0.07576786322767627,0.005504339607432485,0.018496804032474758
40975,car,tan,TAN,0.9384615384615385,0.9061664323446383,0.9934052345329558,0.17964703040726698,0.10680850980812895,0.05958895373479463,0.006370506621897221,0.01957420981489122
40975,car,xgboost,XGBoost,0.9892307692307692,0.9633229247939796,0.9993560502359735,0.03805799992701334,0.01744439765710797,0.018761310486075815,0.266053545800969,0.014015650749206543
41150,MiniBooNE,ban,BAN,0.9073090722706304,0.8877062409172993,0.9636871109896491,0.41602201196905375,0.15736888133718527,0.06758371050930106,4.154759510187432,3.018462939141318
41150,MiniBooNE,catboost,CatBoost,0.9462327011788826,0.9337509494489513,0.985459586519676,0.14222565153362915,0.08160837771638393,0.01396374248113535,37.31742917415686,0.008949176408350468
41150,MiniBooNE,chow_liu,Chow-Liu,0.8089390056381344,0.7549236174160938,0.8629123525172717,0.4019424516137537,0.26167884654030493,0.005172812374639144,13.812147605093196,2.3738520780112595
41150,MiniBooNE,dbnc,DBNC,0.9368631471040493,0.9221424001227436,0.9806657173114182,0.17420351653900903,0.09676295343441581,0.023907339932734056,536.2316088462248,0.16612049899995326
41150,MiniBooNE,ft_transformer,FT-Transformer,0.9411993849308047,0.9274320135842815,0.983382436277213,0.14788859774872062,0.08728723515578882,0.004538582694971724,437.18392018103043,0.19153934004716575
41150,MiniBooNE,kdb_1,KDB-1,0.887883136852896,0.8662013057788533,0.9508064489786623,0.5157995407867891,0.1911509431152741,0.08362480978706846,3.4598918734118342,2.8978449664078654
41150,MiniBooNE,kdb_2,KDB-2,0.9073090722706304,0.8877062409172993,0.9636871109896491,0.41602201196905375,0.15736888133718527,0.06758371050930106,4.134852489689365,3.0329436419066043
41150,MiniBooNE,kdb_3,KDB-3,0.9093593029215787,0.8884779203746149,0.9639165413276984,0.3780455814289677,0.15166769445212475,0.0629338176339446,4.898157179635018,3.238951426791027
41150,MiniBooNE,lightgbm,LightGBM,0.9460686827268068,0.9335203897146649,0.9855207174496895,0.16544685043630172,0.08498946562986073,0.027665030817910708,10.756409021653235,0.3983990578912199
41150,MiniBooNE,nb,NB,0.8564838544336238,0.832257787129239,0.9294990950542756,1.3970687404412476,0.26475231362679474,0.12659647775735974,2.8728792870882898,2.7079455951228737
41150,MiniBooNE,tan,TAN,0.8856483854433623,0.8639765016900117,0.9498623304751819,0.6266938930016963,0.1995916324231132,0.08949568137809352,3.5240058042109013,2.8467024901881812
41150,MiniBooNE,xgboost,XGBoost,0.9467862634546386,0.9343804218508046,0.9862528714092134,0.13508713708028544,0.07903533667323068,0.009501129628508933,11.751834252476693,0.08307411842979491
41168,jannis,ban,BAN,0.6588694267515923,0.4870999177336854,0.817120653932926,1.0997338459813104,0.5002089066354585,0.16475496927375924,3.078746262844652,6.700686117587611
41168,jannis,catboost,CatBoost,0.7185828025477707,0.5561401630955228,0.8772037936870408,0.6878688066277465,0.3860406414064378,0.018533015740335314,36.68452861001715,0.009978044172748923
41168,jannis,chow_liu,Chow-Liu,0.5246019108280254,0.2877362371767646,0.6939175869479297,0.9791404970481692,0.5621143086548049,0.005865469873872088,10.433150287019089,5.025806786632165
41168,jannis,dbnc,DBNC,0.6879458598726115,0.5269036059158924,0.8518117886651572,0.7512059886400072,0.4200656567928913,0.034072515923988925,325.5583207017742,0.21430774084292353
41168,jannis,ft_transformer,FT-Transformer,0.7229140127388536,0.5712830744898969,0.879374856808318,0.6800499710205488,0.3820454413721327,0.010657131076908691,201.71923770844006,0.10870535243302584
41168,jannis,kdb_1,KDB-1,0.6505414012738854,0.4866551332556333,0.8225396287946761,1.006610172142426,0.5017011923825418,0.15403907719404142,2.4727358535863457,6.352578267594799
41168,jannis,kdb_2,KDB-2,0.6588694267515923,0.4870999177336854,0.817120653932926,1.0997338459813104,0.5002089066354585,0.16475496927375924,3.086870334390551,6.749632823746651
41168,jannis,kdb_3,KDB-3,0.6580254777070064,0.4806496801194968,0.8067484188019067,1.2034567280356714,0.5105525932250952,0.17898804021504558,3.998845666460693,7.5129557111300524
41168,jannis,lightgbm,LightGBM,0.7217675159235668,0.5556640087905507,0.8790867705899306,0.6845649431473768,0.3816431507705197,0.014080019221316764,36.85426183282398,2.489424814796075
41168,jannis,nb,NB,0.5620859872611466,0.4561600406572424,0.7799890184094725,2.0615287727430873,0.6984387210986615,0.2916479733924911,2.022534721996635,5.856912687374279
41168,jannis,tan,TAN,0.6514968152866242,0.48761767520461075,0.8245605383232295,1.0264772298746816,0.5029835424687286,0.16057708764071196,2.5116629518568514,6.292777042184025
41168,jannis,xgboost,XGBoost,0.7248248407643312,0.5457426281501445,0.8802257070350763,0.6940842232879687,0.3806362518235482,0.03510567160521065,102.58019007095136,0.6838416101876647
42477,default-of-credit-card-clients,ban,BAN,0.8037333333333333,0.6465989352282084,0.7362118852120811,0.5152695481614502,0.3056576838181214,0.07617118657540586,0.44182600299827757,0.6697124170605093
42477,default-of-credit-card-clients,catboost,CatBoost,0.8201777777777778,0.6803534517917567,0.7743178478755204,0.432659081050339,0.27124733819172137,0.017015133461043844,1.7089692928362639,0.0026237725280225275
42477,default-of-credit-card-clients,chow_liu,Chow-Liu,0.7772888888888889,0.6790619687374286,0.6938277080926446,0.47044134628793366,0.29995001525305653,0.007177945688200571,1.0317231193184853,0.5409076386597007
42477,default-of-credit-card-clients,dbnc,DBNC,0.8144444444444444,0.6727734285696283,0.7580586042801342,0.45099619576482575,0.28190348403352833,0.030192581886709792,37.0763545027934,0.03393116504885256
42477,default-of-credit-card-clients,ft_transformer,FT-Transformer,0.8184444444444445,0.6755243416328246,0.7730074120683648,0.43477240130460204,0.2732480302409283,0.016991002706417433,26.771427346812562,0.03652509455569088
42477,default-of-credit-card-clients,kdb_1,KDB-1,0.7943555555555555,0.6690914562972716,0.7383276542242028,0.5118988498558631,0.3146155218872766,0.06225601285487253,0.3838011844083667,0.6458392518106848
42477,default-of-credit-card-clients,kdb_2,KDB-2,0.8037333333333333,0.6465989352282084,0.7362118852120811,0.5152695481614502,0.3056576838181214,0.07617118657540586,0.4433619839604944,0.6689788592047989
42477,default-of-credit-card-clients,kdb_3,KDB-3,0.7976888888888889,0.5866676566072283,0.7334356547193339,0.6061988973055908,0.32408198774525154,0.12000385993162896,0.5146414496004581,0.7053945648483932
42477,default-of-credit-card-clients,lightgbm,LightGBM,0.8199111111111111,0.6811350436660364,0.7777160009902625,0.430735297770607,0.2702919917223753,0.013164678918087036,0.8615779052022845,0.07451131818816066
42477,default-of-credit-card-clients,nb,NB,0.7749333333333334,0.6740175316293234,0.7306160429388788,0.6823714736724095,0.36308201047517874,0.10694214486822455,0.3258913496043533,0.6124438859988004
42477,default-of-credit-card-clients,tan,TAN,0.7830222222222223,0.6725032805364171,0.744179085061708,0.5796122013975531,0.33498445571244184,0.09004264157212477,0.38827173919416963,0.647009244421497
42477,default-of-credit-card-clients,xgboost,XGBoost,0.8188444444444445,0.6796131761067115,0.7762423839192386,0.43225959541095477,0.2711533387179988,0.012752082446760779,0.2203363599255681,0.006560382060706615
46929,GiveMeSomeCredit,ban,BAN,0.9289244444444444,0.55631085468646,0.8100726601166179,0.20814999426037714,0.11463123464601122,0.009727763571660655,0.9034234530758113,0.6419223472476006
46929,GiveMeSomeCredit,catboost,CatBoost,0.9374044444444444,0.6329530331919413,0.8615284433610455,0.17905723488252234,0.09828836584185259,0.004413637519422749,0.8507002899888902,0.0030582969542592765
46929,GiveMeSomeCredit,chow_liu,Chow-Liu,0.9331555555555555,0.4827110538900129,0.7689250270061573,0.2131571412745538,0.11525546028401101,0.002237805678271909,1.2380695490166544,0.5645881911739707
46929,GiveMeSomeCredit,dbnc,DBNC,0.9355466666666666,0.6192673984698442,0.8579294073997884,0.18186620623437094,0.10041746043943889,0.005499702719443579,183.54097850597464,0.1026483964174986
46929,GiveMeSomeCredit,ft_transformer,FT-Transformer,0.93728,0.6181099532094877,0.859202851581659,0.18027475703023116,0.09904891680292767,0.005049250344044871,332.18413564777,0.14347640839405357
46929,GiveMeSomeCredit,kdb_1,KDB-1,0.92864,0.572619305374529,0.8149451180924026,0.20571228924150153,0.11403021359440355,0.008813275347753516,0.8089960987679661,0.6245677221100777
46929,GiveMeSomeCredit,kdb_2,KDB-2,0.9289244444444444,0.55631085468646,0.8100726601166179,0.20814999426037714,0.11463123464601122,0.009727763571660655,0.8882604361977429,0.64562604483217
46929,GiveMeSomeCredit,kdb_3,KDB-3,0.931031111111111,0.5172994605199673,0.8063397144035541,0.21170776762713342,0.11333679981185918,0.018553741406429614,0.9876517643686384,0.6691532098222523
46929,GiveMeSomeCredit,lightgbm,LightGBM,0.9376711111111111,0.6222030053967853,0.8627144753762621,0.1789435305122497,0.09848595757939752,0.0034763999774650263,2.210770284384489,0.13456445042975246
46929,GiveMeSomeCredit,nb,NB,0.9227555555555556,0.6180273760901809,0.8185766798792475,0.21292366371165952,0.11998647353896505,0.009698386097788683,0.7127434083726257,0.5937581844162196
46929,GiveMeSomeCredit,tan,TAN,0.9270666666666667,0.5895691082554804,0.8151919609560888,0.20826203915362468,0.11599024006901035,0.01067416165145061,0.8263544578105211,0.6301890272181481
46929,GiveMeSomeCredit,xgboost,XGBoost,0.9374666666666667,0.6311967762637603,0.8636220222291582,0.17818032133797906,0.0981939252346552,0.003217593415647297,2.0012380114290864,0.04326133714057505
